"k"	"type"	"f"
"1"	"1819"	1
"2"	"1820"	1
"3"	"a"	470
"4"	"abandonaba"	2
"5"	"abandonaban"	2
"6"	"abandonada"	3
"7"	"abandonadas"	2
"8"	"abandonado"	1
"9"	"abandonando"	1
"10"	"abandonándolo"	1
"11"	"abandonándome"	1
"12"	"abandonarlo"	1
"13"	"abandoné"	1
"14"	"abandono"	2
"15"	"abastecerla"	1
"16"	"abatida"	1
"17"	"abatido"	1
"18"	"abiertas"	2
"19"	"abismo"	1
"20"	"abovedaba"	1
"21"	"abovedadas"	1
"22"	"abracé"	1
"23"	"abrasadas"	1
"24"	"abrazado"	1
"25"	"abrazando"	1
"26"	"abrazándola"	1
"27"	"abrazarme"	1
"28"	"abrazo"	1
"29"	"abrazó"	1
"30"	"abrí"	5
"31"	"abriendo"	1
"32"	"abrillantados"	1
"33"	"abrió"	3
"34"	"abrir"	1
"35"	"abrumadas"	1
"36"	"abrumador"	1
"37"	"abuela"	1
"38"	"abundante"	3
"39"	"abundantes"	1
"40"	"abusando"	1
"41"	"acababa"	12
"42"	"acabábamos"	2
"43"	"acababan"	1
"44"	"acabando"	1
"45"	"acabar"	1
"46"	"acabo"	1
"47"	"acallado"	1
"48"	"acariciaba"	3
"49"	"acariciar"	1
"50"	"acaricié"	1
"51"	"acaso"	6
"52"	"acceso"	6
"53"	"aceleradamente"	1
"54"	"acento"	12
"55"	"acentos"	1
"56"	"acentuó"	1
"57"	"aceptado"	1
"58"	"aceptar"	1
"59"	"aceptó"	1
"60"	"acercaba"	1
"61"	"acercado"	1
"62"	"acercando"	2
"63"	"acercándose"	1
"64"	"acercarme"	4
"65"	"acercármele"	1
"66"	"acercarse"	4
"67"	"acercó"	7
"68"	"acerqué"	2
"69"	"acerquéme"	1
"70"	"acogidos"	1
"71"	"acojinado"	1
"72"	"acompañada"	1
"73"	"acompañarlo"	1
"74"	"acompañarme"	1
"75"	"acompañaron"	1
"76"	"acompañarte"	1
"77"	"aconsejadas"	1
"78"	"acordado"	1
"79"	"acordes"	1
"80"	"acostar"	1
"81"	"acostumbraba"	1
"82"	"acostumbrado"	2
"83"	"acrecentado"	1
"84"	"acusaron"	1
"85"	"adelantaba"	1
"86"	"adelantado"	2
"87"	"adelante"	4
"88"	"ademán"	1
"89"	"adentro"	1
"90"	"adiós"	8
"91"	"adioses"	3
"92"	"adivinaba"	1
"93"	"adivinando"	1
"94"	"adivinar"	2
"95"	"adivinarme"	1
"96"	"admirable"	1
"97"	"admirables"	2
"98"	"admiradas"	1
"99"	"admirado"	1
"100"	"admirar"	2
"101"	"admiré"	1
"102"	"admiró"	1
"103"	"adolescencia"	2
"104"	"adolorida"	1
"105"	"adoptar"	1
"106"	"adormecía"	1
"107"	"adormidera"	1
"108"	"adormideras"	1
"109"	"adornaban"	1
"110"	"adornada"	1
"111"	"adornado"	1
"112"	"adornos"	1
"113"	"adueñado"	1
"114"	"adueñó"	1
"115"	"afectación"	1
"116"	"afecto"	2
"117"	"afectuosa"	1
"118"	"afectuosamente"	1
"119"	"afectuosos"	1
"120"	"afelpados"	1
"121"	"aficionados"	1
"122"	"aficionó"	1
"123"	"aflijas"	1
"124"	"agasajadora"	1
"125"	"agasajaron"	1
"126"	"agasajo"	1
"127"	"agilidad"	1
"128"	"agitaba"	1
"129"	"agitándome"	1
"130"	"aglomerada"	1
"131"	"agobiado"	1
"132"	"agonía"	1
"133"	"agostarla"	1
"134"	"agosto"	2
"135"	"agotaba"	1
"136"	"agotaron"	1
"137"	"agradaban"	1
"138"	"agradecí"	1
"139"	"agrandados"	1
"140"	"agravar"	1
"141"	"agregados"	1
"142"	"agregar"	2
"143"	"agregó"	4
"144"	"agregué"	1
"145"	"agua"	2
"146"	"aguardaban"	1
"147"	"aguardando"	1
"148"	"aguardar"	1
"149"	"aguas"	4
"150"	"agudo"	1
"151"	"aguijoneé"	1
"152"	"ah"	5
"153"	"ahí"	1
"154"	"ahogaban"	3
"155"	"ahogada"	1
"156"	"ahogado"	1
"157"	"ahogarte"	1
"158"	"ahora"	7
"159"	"aire"	2
"160"	"aislado"	1
"161"	"ajados"	2
"162"	"ajé"	1
"163"	"ajeno"	1
"164"	"ajuar"	1
"165"	"al"	135
"166"	"ala"	2
"167"	"alabanza"	1
"168"	"alaridos"	1
"169"	"alas"	1
"170"	"albahaca"	1
"171"	"albahacas"	1
"172"	"alboradas"	1
"173"	"alborotaban"	1
"174"	"alcance"	1
"175"	"alcancé"	1
"176"	"alcanzar"	1
"177"	"alcoba"	4
"178"	"aldea"	1
"179"	"alegres"	2
"180"	"alejaron"	1
"181"	"alejarse"	2
"182"	"alejarte"	1
"183"	"alentaba"	1
"184"	"aleteaban"	1
"185"	"aleteó"	1
"186"	"alfandoques"	1
"187"	"alfombra"	2
"188"	"alfombras"	1
"189"	"algarabía"	1
"190"	"algo"	19
"191"	"algodón"	1
"192"	"algún"	6
"193"	"alguna"	7
"194"	"algunas"	19
"195"	"alguno"	1
"196"	"algunos"	14
"197"	"aliento"	5
"198"	"aliviado"	1
"199"	"alivio"	2
"200"	"allá"	2
"201"	"allí"	18
"202"	"alma"	18
"203"	"almas"	1
"204"	"almohadón"	4
"205"	"almohadones"	3
"206"	"almuerzo"	3
"207"	"alrededor"	5
"208"	"alta"	1
"209"	"altar"	1
"210"	"altares"	2
"211"	"alterada"	1
"212"	"alterado"	1
"213"	"altísimas"	2
"214"	"altiva"	1
"215"	"alto"	1
"216"	"altura"	2
"217"	"alumbraban"	1
"218"	"alumbrada"	1
"219"	"alumbrado"	1
"220"	"ama"	1
"221"	"amaba"	4
"222"	"amaban"	1
"223"	"amable"	2
"224"	"amada"	3
"225"	"amado"	4
"226"	"amados"	2
"227"	"amaime"	2
"228"	"aman"	1
"229"	"amanecer"	1
"230"	"amanecía"	1
"231"	"amante"	1
"232"	"amantes"	1
"233"	"amar"	1
"234"	"amara"	1
"235"	"amará"	1
"236"	"amargura"	2
"237"	"amarilleaban"	1
"238"	"amarillento"	1
"239"	"amarillos"	1
"240"	"amarla"	2
"241"	"amas"	2
"242"	"amase"	1
"243"	"amasteis"	1
"244"	"ambas"	1
"245"	"ame"	1
"246"	"amé"	1
"247"	"amena"	2
"248"	"amenaza"	1
"249"	"amenazada"	2
"250"	"américa"	1
"251"	"amigas"	1
"252"	"amigo"	5
"253"	"amigos"	2
"254"	"aminoraba"	1
"255"	"amistosamente"	1
"256"	"amito"	1
"257"	"amo"	7
"258"	"amor"	26
"259"	"amores"	5
"260"	"amorosa"	1
"261"	"amoroso"	1
"262"	"amos"	1
"263"	"añadió"	2
"264"	"ancha"	3
"265"	"anchas"	1
"266"	"ancho"	1
"267"	"anchos"	2
"268"	"anciana"	1
"269"	"anciano"	1
"270"	"ancianos"	1
"271"	"andado"	1
"272"	"andar"	1
"273"	"anduve"	1
"274"	"anécdotas"	1
"275"	"ángel"	5
"276"	"ángulos"	1
"277"	"angustia"	1
"278"	"angustiosa"	1
"279"	"anhelosa"	1
"280"	"anima"	1
"281"	"animada"	2
"282"	"animado"	1
"283"	"animador"	1
"284"	"animal"	3
"285"	"animales"	1
"286"	"animó"	1
"287"	"anoche"	3
"288"	"anochecer"	1
"289"	"años"	23
"290"	"añosos"	1
"291"	"anselmo"	1
"292"	"ansiaban"	1
"293"	"ansiedad"	2
"294"	"ansiosa"	1
"295"	"ante"	8
"296"	"antes"	22
"297"	"antigua"	1
"298"	"antillas"	1
"299"	"antioqueña"	1
"300"	"antioqueño"	1
"301"	"anunció"	2
"302"	"apacible"	1
"303"	"apagaba"	1
"304"	"apagó"	1
"305"	"aparecer"	2
"306"	"aparecerían"	1
"307"	"aparejaba"	1
"308"	"aparentando"	1
"309"	"apartaba"	1
"310"	"apartando"	1
"311"	"apartándome"	1
"312"	"apeándome"	1
"313"	"apearse"	1
"314"	"apeé"	1
"315"	"apeéme"	1
"316"	"apenas"	4
"317"	"apercibido"	1
"318"	"aplanchada"	1
"319"	"aposento"	4
"320"	"aposentos"	1
"321"	"apostura"	1
"322"	"apoyaba"	3
"323"	"apoyado"	2
"324"	"apoyándose"	1
"325"	"apoyo"	1
"326"	"apoyó"	3
"327"	"apresuró"	1
"328"	"aprobación"	1
"329"	"aproximárseme"	1
"330"	"aptitudes"	1
"331"	"apurado"	1
"332"	"aquel"	26
"333"	"aquél"	5
"334"	"aquella"	29
"335"	"aquélla"	4
"336"	"aquellas"	10
"337"	"aquéllas"	1
"338"	"aquello"	2
"339"	"aquellos"	9
"340"	"aquí"	6
"341"	"aquietaba"	1
"342"	"araña"	1
"343"	"árbol"	1
"344"	"arbolado"	1
"345"	"arboledas"	1
"346"	"árboles"	4
"347"	"ardiente"	1
"348"	"arepas"	1
"349"	"argentando"	1
"350"	"arias"	1
"351"	"aristocráticas"	1
"352"	"armado"	1
"353"	"armario"	2
"354"	"armas"	1
"355"	"armonía"	1
"356"	"armonías"	1
"357"	"armoniosos"	1
"358"	"armonizaba"	1
"359"	"aroma"	1
"360"	"aromas"	7
"361"	"aromos"	1
"362"	"arrancado"	1
"363"	"arrancó"	1
"364"	"arrastraba"	1
"365"	"arrastrarnos"	1
"366"	"arrastrarte"	1
"367"	"arrastró"	1
"368"	"arrebatarnos"	1
"369"	"arreboles"	2
"370"	"arregla"	1
"371"	"arreglada"	1
"372"	"arreglado"	2
"373"	"arreglar"	1
"374"	"arrepentí"	1
"375"	"arriba"	1
"376"	"arrodillada"	2
"377"	"arrodillaron"	1
"378"	"arrodilló"	1
"379"	"arrojé"	1
"380"	"arrollados"	1
"381"	"arropado"	1
"382"	"arrostrarías"	1
"383"	"arroyo"	1
"384"	"arroyos"	1
"385"	"arruga"	1
"386"	"arrugada"	1
"387"	"articuladas"	1
"388"	"asegurar"	2
"389"	"así"	28
"390"	"asiento"	7
"391"	"asientos"	1
"392"	"asirse"	1
"393"	"asistentes"	1
"394"	"asoleado"	1
"395"	"asomada"	1
"396"	"asombrada"	1
"397"	"asombrados"	1
"398"	"aspiraba"	3
"399"	"aspirado"	1
"400"	"aspirar"	2
"401"	"aspiraros"	1
"402"	"asunto"	1
"403"	"asustadas"	1
"404"	"asustadizo"	1
"405"	"asustado"	1
"406"	"atacada"	1
"407"	"atadas"	1
"408"	"atala"	1
"409"	"ataque"	1
"410"	"atar"	1
"411"	"atarraya"	1
"412"	"ataúd"	3
"413"	"atención"	3
"414"	"atenta"	1
"415"	"atraje"	1
"416"	"atrás"	1
"417"	"atravesando"	1
"418"	"atravesar"	2
"419"	"atravesé"	2
"420"	"atrayéndola"	1
"421"	"atreve"	1
"422"	"atreverme"	1
"423"	"atrevía"	1
"424"	"atrevió"	1
"425"	"aulló"	3
"426"	"aumentado"	1
"427"	"aumentando"	1
"428"	"aun"	1
"429"	"aún"	15
"430"	"aunque"	3
"431"	"auras"	2
"432"	"auroras"	1
"433"	"ausencia"	6
"434"	"autor"	1
"435"	"auxilio"	1
"436"	"avanzaba"	1
"437"	"ave"	4
"438"	"avergonzaba"	1
"439"	"averiguar"	1
"440"	"aves"	7
"441"	"avidez"	1
"442"	"ávido"	1
"443"	"avisaba"	1
"444"	"avisaron"	1
"445"	"aviso"	1
"446"	"avisó"	1
"447"	"avivado"	1
"448"	"avivando"	1
"449"	"ay"	8
"450"	"ayer"	2
"451"	"ayo"	1
"452"	"ayuda"	1
"453"	"ayúdame"	1
"454"	"ayudar"	1
"455"	"ayudaría"	1
"456"	"ayudé"	1
"457"	"azabache"	1
"458"	"azahares"	3
"459"	"azotaba"	1
"460"	"azotaban"	1
"461"	"azotando"	1
"462"	"azúcar"	1
"463"	"azucena"	1
"464"	"azucenas"	12
"465"	"azul"	8
"466"	"azulado"	1
"467"	"azules"	3
"468"	"bahía"	1
"469"	"bailaban"	1
"470"	"bailar"	1
"471"	"bailarina"	1
"472"	"baile"	5
"473"	"bailes"	1
"474"	"baja"	4
"475"	"bajaba"	2
"476"	"bajaban"	1
"477"	"bajada"	1
"478"	"bajar"	1
"479"	"bajase"	1
"480"	"bajé"	1
"481"	"bajo"	12
"482"	"bajó"	1
"483"	"balbucía"	1
"484"	"balbuciendo"	1
"485"	"balbuciente"	1
"486"	"balbució"	2
"487"	"bambuco"	1
"488"	"bambucos"	2
"489"	"bañaban"	1
"490"	"bañado"	2
"491"	"bañar"	2
"492"	"banco"	1
"493"	"banda"	1
"494"	"bandada"	1
"495"	"bandadas"	1
"496"	"bañé"	2
"497"	"bañélas"	1
"498"	"baño"	5
"499"	"barba"	1
"500"	"barbacoa"	1
"501"	"bárbaro"	1
"502"	"barrer"	1
"503"	"barrida"	1
"504"	"base"	1
"505"	"bastante"	1
"506"	"baúl"	1
"507"	"bautismo"	1
"508"	"bautizar"	2
"509"	"becerros"	1
"510"	"beldades"	1
"511"	"bella"	10
"512"	"bellas"	5
"513"	"belleza"	4
"514"	"bellezas"	2
"515"	"bellísimo"	1
"516"	"bello"	1
"517"	"bendijo"	1
"518"	"benditos"	1
"519"	"besando"	1
"520"	"besé"	1
"521"	"beso"	1
"522"	"besó"	1
"523"	"besos"	5
"524"	"bíblico"	1
"525"	"bien"	10
"526"	"bienestar"	1
"527"	"bienvenida"	1
"528"	"blanca"	6
"529"	"blancas"	3
"530"	"blanco"	6
"531"	"blancos"	1
"532"	"blancura"	2
"533"	"blanqueaba"	2
"534"	"blanqueaban"	1
"535"	"blanqueadas"	1
"536"	"blanquear"	2
"537"	"boca"	1
"538"	"bogotá"	4
"539"	"boleros"	1
"540"	"bombillas"	1
"541"	"bondadosa"	1
"542"	"bordada"	1
"543"	"bordado"	1
"544"	"bordando"	1
"545"	"borde"	1
"546"	"bordo"	1
"547"	"borradas"	1
"548"	"borrado"	1
"549"	"borrar"	1
"550"	"bosque"	2
"551"	"bosques"	12
"552"	"botadero"	1
"553"	"botar"	1
"554"	"botas"	1
"555"	"boté"	1
"556"	"botó"	2
"557"	"botones"	1
"558"	"bracitos"	1
"559"	"bramaban"	1
"560"	"braulio"	9
"561"	"brazo"	6
"562"	"brazos"	17
"563"	"breñas"	1
"564"	"breve"	1
"565"	"bridas"	1
"566"	"brillaba"	1
"567"	"brillaban"	1
"568"	"brillando"	1
"569"	"brillantes"	1
"570"	"brillantez"	1
"571"	"brioso"	1
"572"	"brisa"	2
"573"	"brisas"	1
"574"	"broquel"	1
"575"	"brotar"	2
"576"	"brumas"	1
"577"	"bruñidas"	1
"578"	"bruno"	6
"579"	"bruto"	1
"580"	"bucles"	1
"581"	"buen"	3
"582"	"buena"	3
"583"	"buenas"	3
"584"	"bueno"	3
"585"	"buenos"	1
"586"	"bujía"	1
"587"	"bulliciosas"	2
"588"	"busca"	1
"589"	"buscaba"	1
"590"	"buscado"	4
"591"	"buscando"	6
"592"	"buscarla"	2
"593"	"buscarme"	2
"594"	"butaca"	1
"595"	"butacas"	1
"596"	"byron"	1
"597"	"caballar"	1
"598"	"caballero"	2
"599"	"caballo"	16
"600"	"caballos"	2
"601"	"cabañas"	2
"602"	"cabecera"	4
"603"	"cabellera"	8
"604"	"cabellos"	12
"605"	"cabestro"	1
"606"	"cabeza"	18
"607"	"cabezas"	2
"608"	"cabiblanco"	1
"609"	"cabo"	1
"610"	"cacería"	4
"611"	"cacerías"	1
"612"	"cada"	6
"613"	"cadáver"	2
"614"	"cadillos"	1
"615"	"caemos"	1
"616"	"caer"	2
"617"	"caí"	1
"618"	"caía"	1
"619"	"caído"	1
"620"	"cajón"	1
"621"	"calcular"	1
"622"	"cali"	2
"623"	"caliente"	1
"624"	"callaban"	1
"625"	"callada"	1
"626"	"callado"	1
"627"	"calles"	1
"628"	"calmar"	1
"629"	"calor"	1
"630"	"calzados"	1
"631"	"calzón"	1
"632"	"cama"	1
"633"	"cambien"	1
"634"	"camino"	6
"635"	"camisa"	2
"636"	"camisas"	1
"637"	"campanillas"	2
"638"	"campeaba"	1
"639"	"campesinos"	1
"640"	"campo"	1
"641"	"cana"	1
"642"	"caña"	3
"643"	"cañas"	1
"644"	"cañaverales"	1
"645"	"cansancio"	1
"646"	"cantaban"	2
"647"	"cantadas"	1
"648"	"cantares"	1
"649"	"canteras"	1
"650"	"canto"	5
"651"	"cantores"	1
"652"	"cantos"	1
"653"	"capaz"	1
"654"	"capilla"	1
"655"	"capital"	1
"656"	"capitán"	3
"657"	"capítulo"	1
"658"	"capricho"	1
"659"	"cara"	1
"660"	"carácter"	3
"661"	"carcomidas"	1
"662"	"carey"	1
"663"	"cargo"	2
"664"	"caricia"	2
"665"	"caricias"	5
"666"	"cariño"	2
"667"	"cariñosa"	3
"668"	"cariñoso"	3
"669"	"cariñosos"	1
"670"	"carlos"	2
"671"	"caro"	1
"672"	"caros"	1
"673"	"carrera"	3
"674"	"carro"	1
"675"	"carta"	3
"676"	"cartas"	4
"677"	"casa"	28
"678"	"casarías"	1
"679"	"casaron"	1
"680"	"casarse"	1
"681"	"cascada"	1
"682"	"cascadas"	1
"683"	"cascos"	2
"684"	"casi"	21
"685"	"casita"	3
"686"	"caso"	2
"687"	"casos"	1
"688"	"castaño"	3
"689"	"castellanos"	1
"690"	"castillo"	1
"691"	"castísima"	1
"692"	"castísimo"	1
"693"	"castrueras"	1
"694"	"casualmente"	1
"695"	"católica"	1
"696"	"católico"	2
"697"	"catre"	1
"698"	"cauca"	3
"699"	"causa"	4
"700"	"causaba"	2
"701"	"causaron"	1
"702"	"cayó"	2
"703"	"caza"	1
"704"	"cazadores"	1
"705"	"cazan"	1
"706"	"cazas"	1
"707"	"cebaderos"	1
"708"	"ceder"	1
"709"	"cedro"	1
"710"	"ceibas"	2
"711"	"cejas"	1
"712"	"celestial"	1
"713"	"celosa"	1
"714"	"celosía"	1
"715"	"celoso"	1
"716"	"cementerio"	2
"717"	"cena"	2
"718"	"ceniciento"	1
"719"	"cenizas"	1
"720"	"ceño"	1
"721"	"central"	1
"722"	"centros"	1
"723"	"cerca"	13
"724"	"cercado"	1
"725"	"cercanas"	1
"726"	"cercanos"	1
"727"	"cercas"	1
"728"	"cerciorarse"	1
"729"	"cerebro"	1
"730"	"ceremonia"	2
"731"	"cernieran"	1
"732"	"cerrada"	1
"733"	"cerrados"	1
"734"	"cerré"	1
"735"	"certera"	1
"736"	"cesar"	1
"737"	"césped"	1
"738"	"chactas"	2
"739"	"chateaubriand"	1
"740"	"chilacoas"	1
"741"	"chiminangos"	1
"742"	"chispeaban"	1
"743"	"chispearon"	1
"744"	"choque"	1
"745"	"cielo"	9
"746"	"cierta"	1
"747"	"cierto"	6
"748"	"ciervos"	1
"749"	"cierzo"	1
"750"	"cigarro"	1
"751"	"cimbrador"	1
"752"	"cinchas"	1
"753"	"cinco"	2
"754"	"cintas"	2
"755"	"cintura"	7
"756"	"circundaba"	1
"757"	"cirios"	5
"758"	"ciudad"	3
"759"	"claramente"	2
"760"	"claridad"	2
"761"	"claro"	1
"762"	"clase"	2
"763"	"clavel"	2
"764"	"claveles"	1
"765"	"cobarde"	2
"766"	"cocina"	1
"767"	"codos"	2
"768"	"cofre"	2
"769"	"cofrecito"	1
"770"	"cogí"	1
"771"	"cogido"	1
"772"	"cogiendo"	1
"773"	"cola"	1
"774"	"colaciones"	1
"775"	"colegio"	2
"776"	"colgaban"	1
"777"	"colgada"	1
"778"	"colgantes"	1
"779"	"colgarla"	1
"780"	"colina"	1
"781"	"colinas"	3
"782"	"colocaba"	1
"783"	"colocado"	2
"784"	"colocar"	2
"785"	"colocarme"	1
"786"	"colocó"	1
"787"	"coloquéme"	1
"788"	"color"	13
"789"	"colores"	1
"790"	"columnas"	2
"791"	"columpiaba"	1
"792"	"columpiaban"	1
"793"	"combinación"	1
"794"	"combinados"	1
"795"	"comedor"	5
"796"	"como"	84
"797"	"cómo"	9
"798"	"cómoda"	1
"799"	"cómodamente"	1
"800"	"cómodos"	1
"801"	"compadecer"	1
"802"	"compadecía"	1
"803"	"compaginé"	1
"804"	"compañera"	4
"805"	"compañero"	1
"806"	"compañeros"	1
"807"	"comparados"	1
"808"	"complacerlo"	1
"809"	"complacía"	2
"810"	"complacida"	1
"811"	"completa"	1
"812"	"completaban"	1
"813"	"completamente"	1
"814"	"completamos"	1
"815"	"comprada"	1
"816"	"compraste"	1
"817"	"comprender"	4
"818"	"comprenderlo"	1
"819"	"comprendiendo"	2
"820"	"comprendió"	1
"821"	"comprensión"	1
"822"	"con"	140
"823"	"concebido"	1
"824"	"concedemos"	1
"825"	"conciliar"	1
"826"	"concluida"	2
"827"	"concluir"	1
"828"	"concluyendo"	1
"829"	"concluyésemos"	1
"830"	"condición"	3
"831"	"condiscípulos"	1
"832"	"conducía"	2
"833"	"conducir"	1
"834"	"conducta"	4
"835"	"condujeron"	1
"836"	"condujo"	2
"837"	"conferencia"	1
"838"	"conferencias"	1
"839"	"confesados"	1
"840"	"confesar"	1
"841"	"confesárselo"	1
"842"	"confidencial"	3
"843"	"confidencias"	4
"844"	"confidente"	1
"845"	"confín"	1
"846"	"conforme"	1
"847"	"conformidad"	1
"848"	"confuso"	1
"849"	"conmigo"	6
"850"	"conmover"	1
"851"	"conmovía"	1
"852"	"conmovida"	1
"853"	"conmovidas"	1
"854"	"conmovido"	3
"855"	"conocía"	1
"856"	"conocida"	2
"857"	"conocido"	2
"858"	"conocidos"	1
"859"	"conociendo"	3
"860"	"conocimientos"	2
"861"	"conque"	4
"862"	"conseguían"	1
"863"	"consejos"	1
"864"	"conservaba"	1
"865"	"conservar"	1
"866"	"consideración"	1
"867"	"consideréme"	1
"868"	"consiguió"	1
"869"	"consintiéramos"	1
"870"	"consolas"	1
"871"	"constancia"	1
"872"	"constante"	1
"873"	"constantemente"	2
"874"	"constituían"	1
"875"	"consuelo"	1
"876"	"consuelos"	2
"877"	"consultar"	1
"878"	"consultarte"	1
"879"	"consumido"	1
"880"	"consumir"	1
"881"	"contaba"	2
"882"	"contempla"	1
"883"	"contemplándola"	1
"884"	"contempló"	1
"885"	"contenía"	4
"886"	"contenido"	1
"887"	"contenta"	1
"888"	"contentos"	2
"889"	"contestación"	1
"890"	"contestara"	1
"891"	"contestarme"	1
"892"	"contesté"	1
"893"	"contestes"	1
"894"	"contiene"	1
"895"	"contigo"	2
"896"	"continuar"	1
"897"	"continué"	1
"898"	"continuó"	6
"899"	"contó"	1
"900"	"contornos"	2
"901"	"contra"	6
"902"	"contracción"	2
"903"	"contraída"	1
"904"	"contraído"	1
"905"	"contrario"	1
"906"	"contristados"	1
"907"	"convencerme"	1
"908"	"convencido"	1
"909"	"convenció"	1
"910"	"convendrás"	1
"911"	"convenido"	1
"912"	"conversación"	6
"913"	"convertidas"	1
"914"	"convidados"	1
"915"	"convidarte"	1
"916"	"convidó"	1
"917"	"convinieron"	1
"918"	"convínose"	1
"919"	"convirtieron"	1
"920"	"convoy"	1
"921"	"copa"	1
"922"	"copas"	4
"923"	"coral"	1
"924"	"corazón"	17
"925"	"cordillera"	2
"926"	"cordón"	1
"927"	"corona"	1
"928"	"coronarás"	1
"929"	"corpiño"	1
"930"	"corpulento"	2
"931"	"corpulentos"	1
"932"	"corral"	1
"933"	"corrales"	1
"934"	"corredor"	6
"935"	"corredores"	1
"936"	"corrido"	2
"937"	"corriente"	2
"938"	"corrientes"	3
"939"	"corrieron"	1
"940"	"corriesen"	1
"941"	"cortar"	1
"942"	"corte"	1
"943"	"cortijos"	1
"944"	"cortinas"	4
"945"	"cortó"	1
"946"	"cosa"	2
"947"	"cosas"	5
"948"	"costa"	1
"949"	"costas"	1
"950"	"costosa"	1
"951"	"costumbre"	5
"952"	"costumbres"	1
"953"	"costura"	1
"954"	"costurero"	2
"955"	"creación"	2
"956"	"crecido"	1
"957"	"creciente"	2
"958"	"crecientes"	1
"959"	"crecisteis"	1
"960"	"creer"	2
"961"	"creerá"	1
"962"	"creerla"	1
"963"	"creerme"	1
"964"	"creerse"	1
"965"	"creí"	5
"966"	"creía"	1
"967"	"creído"	1
"968"	"cremas"	1
"969"	"crenchas"	1
"970"	"creo"	1
"971"	"crestas"	3
"972"	"creyendo"	1
"973"	"criados"	1
"974"	"criatura"	1
"975"	"criaturas"	1
"976"	"criminal"	1
"977"	"crines"	2
"978"	"crió"	1
"979"	"cristal"	1
"980"	"cristalinas"	1
"981"	"cristiana"	3
"982"	"cristianas"	1
"983"	"cristianismo"	2
"984"	"cristiano"	1
"985"	"crucecilla"	1
"986"	"cruces"	2
"987"	"crucificado"	1
"988"	"crucifijo"	3
"989"	"cruel"	1
"990"	"crueldad"	1
"991"	"crujieron"	1
"992"	"cruz"	3
"993"	"cruzaba"	2
"994"	"cruzado"	1
"995"	"cruzados"	1
"996"	"cruzando"	1
"997"	"cruzar"	1
"998"	"cruzó"	1
"999"	"cuadras"	1
"1000"	"cuadrilla"	1
"1001"	"cual"	16
"1002"	"cuál"	2
"1003"	"cuales"	9
"1004"	"cualquier"	1
"1005"	"cuán"	2
"1006"	"cuando"	52
"1007"	"cuántas"	1
"1008"	"cuanto"	4
"1009"	"cuánto"	6
"1010"	"cuántos"	1
"1011"	"cuarto"	20
"1012"	"cuatro"	7
"1013"	"cubierto"	4
"1014"	"cubiertos"	1
"1015"	"cubrían"	1
"1016"	"cubriéndose"	1
"1017"	"cubrió"	5
"1018"	"cubrióla"	1
"1019"	"cuchilla"	1
"1020"	"cuchillo"	1
"1021"	"cuello"	7
"1022"	"cuenta"	2
"1023"	"cuentas"	1
"1024"	"cuentos"	1
"1025"	"cuerno"	1
"1026"	"cuerpo"	1
"1027"	"cuesta"	1
"1028"	"cuidadas"	1
"1029"	"cuidado"	2
"1030"	"cuidados"	4
"1031"	"cuidadosamente"	2
"1032"	"cuidar"	1
"1033"	"cuidé"	1
"1034"	"cultivar"	1
"1035"	"culto"	2
"1036"	"cumbres"	2
"1037"	"cumplido"	2
"1038"	"cumpliendo"	1
"1039"	"cumpliéndome"	1
"1040"	"cumplir"	1
"1041"	"cumpliré"	1
"1042"	"cuna"	1
"1043"	"cura"	2
"1044"	"curva"	1
"1045"	"cúspides"	1
"1046"	"cuya"	7
"1047"	"cuyas"	4
"1048"	"cuyo"	6
"1049"	"da"	3
"1050"	"daba"	7
"1051"	"dábamos"	1
"1052"	"dada"	1
"1053"	"dado"	9
"1054"	"dados"	1
"1055"	"damos"	1
"1056"	"dando"	4
"1057"	"dándole"	1
"1058"	"daño"	1
"1059"	"danza"	1
"1060"	"danzaba"	1
"1061"	"dar"	2
"1062"	"daría"	1
"1063"	"daríamos"	1
"1064"	"darle"	3
"1065"	"darme"	3
"1066"	"dársela"	1
"1067"	"darte"	1
"1068"	"de"	1038
"1069"	"debe"	4
"1070"	"deber"	1
"1071"	"debes"	4
"1072"	"debí"	1
"1073"	"debía"	11
"1074"	"debían"	3
"1075"	"débiles"	2
"1076"	"debilitado"	1
"1077"	"débilmente"	1
"1078"	"debió"	3
"1079"	"debo"	1
"1080"	"decía"	4
"1081"	"decíame"	1
"1082"	"decidió"	1
"1083"	"decir"	4
"1084"	"decirle"	4
"1085"	"decirme"	4
"1086"	"decirte"	5
"1087"	"decírtelo"	1
"1088"	"declaró"	1
"1089"	"defensa"	1
"1090"	"dehesas"	1
"1091"	"dejaba"	5
"1092"	"dejábase"	1
"1093"	"dejado"	8
"1094"	"dejan"	1
"1095"	"dejando"	2
"1096"	"dejándola"	1
"1097"	"dejar"	10
"1098"	"dejarla"	1
"1099"	"dejarle"	1
"1100"	"dejaron"	2
"1101"	"dejarte"	1
"1102"	"dejas"	1
"1103"	"dejase"	2
"1104"	"dejé"	3
"1105"	"dejó"	8
"1106"	"dejóme"	1
"1107"	"del"	155
"1108"	"delantal"	3
"1109"	"delante"	2
"1110"	"deleitaba"	1
"1111"	"deleite"	3
"1112"	"deliciosamente"	1
"1113"	"delicioso"	1
"1114"	"delineaban"	1
"1115"	"delirio"	2
"1116"	"demás"	2
"1117"	"demasiado"	2
"1118"	"demora"	2
"1119"	"demorar"	1
"1120"	"demorarse"	1
"1121"	"dentadura"	1
"1122"	"dentro"	1
"1123"	"denunciaba"	2
"1124"	"derecha"	8
"1125"	"derecho"	1
"1126"	"derramado"	1
"1127"	"derramando"	1
"1128"	"derramar"	1
"1129"	"derribados"	1
"1130"	"derribos"	1
"1131"	"derrumbarse"	1
"1132"	"desahogado"	1
"1133"	"desaparecer"	3
"1134"	"desaparecido"	1
"1135"	"desaparecieron"	1
"1136"	"desapareció"	1
"1137"	"desarreglo"	1
"1138"	"desataban"	1
"1139"	"desatentados"	1
"1140"	"desató"	1
"1141"	"desatóse"	1
"1142"	"desbordado"	1
"1143"	"descalzos"	1
"1144"	"descansaba"	2
"1145"	"descansando"	1
"1146"	"descansándole"	1
"1147"	"descansar"	1
"1148"	"descansaron"	1
"1149"	"descansó"	1
"1150"	"descender"	1
"1151"	"descendían"	1
"1152"	"desclavaron"	1
"1153"	"descompuesta"	1
"1154"	"desconcertado"	1
"1155"	"desconcierto"	1
"1156"	"desconocidas"	1
"1157"	"desconocido"	1
"1158"	"desconocidos"	1
"1159"	"descontento"	1
"1160"	"describiera"	1
"1161"	"describir"	1
"1162"	"descubrí"	1
"1163"	"descubría"	2
"1164"	"descubrían"	2
"1165"	"descubrió"	1
"1166"	"descubrióme"	1
"1167"	"descuidadamente"	1
"1168"	"descuido"	1
"1169"	"desde"	20
"1170"	"desdén"	1
"1171"	"desdeñé"	1
"1172"	"desdichada"	1
"1173"	"deseaba"	5
"1174"	"deseados"	1
"1175"	"deseando"	1
"1176"	"deseas"	1
"1177"	"desechando"	1
"1178"	"desempeñarlos"	1
"1179"	"desempolvaron"	1
"1180"	"desengaños"	1
"1181"	"desenrollarse"	1
"1182"	"deseo"	3
"1183"	"desesperación"	1
"1184"	"desfigurado"	1
"1185"	"desgajados"	1
"1186"	"desgarradora"	1
"1187"	"desgracia"	3
"1188"	"desgracias"	1
"1189"	"deshacer"	1
"1190"	"deshacerse"	1
"1191"	"desierto"	2
"1192"	"deslumbrante"	1
"1193"	"deslumbrarme"	1
"1194"	"desmantelado"	1
"1195"	"desmayados"	1
"1196"	"desmontaba"	1
"1197"	"desmontarnos"	1
"1198"	"desmonté"	1
"1199"	"desmoronado"	1
"1200"	"desnudas"	1
"1201"	"desnudo"	1
"1202"	"desnudos"	1
"1203"	"desocupada"	1
"1204"	"desocupado"	1
"1205"	"desordenados"	1
"1206"	"desordenando"	1
"1207"	"despaciosas"	1
"1208"	"despedí"	1
"1209"	"despedida"	6
"1210"	"despedirme"	3
"1211"	"despejadas"	1
"1212"	"despeñado"	1
"1213"	"desperté"	3
"1214"	"despidió"	1
"1215"	"desplegados"	1
"1216"	"despojo"	1
"1217"	"desprecio"	1
"1218"	"desprender"	1
"1219"	"desprendiéndose"	1
"1220"	"después"	58
"1221"	"destemplado"	1
"1222"	"destierro"	1
"1223"	"destinado"	3
"1224"	"destreza"	2
"1225"	"destrozado"	1
"1226"	"destruir"	1
"1227"	"desvanecido"	1
"1228"	"desventurada"	1
"1229"	"desventurado"	1
"1230"	"desviando"	1
"1231"	"detenerse"	1
"1232"	"detenía"	1
"1233"	"detenidas"	1
"1234"	"detuve"	1
"1235"	"detúveme"	2
"1236"	"detuvieron"	1
"1237"	"detuvo"	1
"1238"	"devolvérmela"	1
"1239"	"devolvía"	1
"1240"	"devorándola"	1
"1241"	"devuelto"	1
"1242"	"di"	2
"1243"	"día"	24
"1244"	"diáfanas"	1
"1245"	"diáfano"	1
"1246"	"diálogo"	1
"1247"	"diariamente"	1
"1248"	"días"	26
"1249"	"dice"	1
"1250"	"dicha"	2
"1251"	"dicho"	3
"1252"	"dichoso"	1
"1253"	"diciendo"	4
"1254"	"diciéndole"	2
"1255"	"diciéndoles"	1
"1256"	"dictado"	2
"1257"	"dieciocho"	2
"1258"	"dientes"	1
"1259"	"diera"	2
"1260"	"dieron"	1
"1261"	"diese"	1
"1262"	"diestro"	1
"1263"	"diez"	1
"1264"	"difícil"	1
"1265"	"difundía"	1
"1266"	"difundiendo"	1
"1267"	"digas"	3
"1268"	"digna"	1
"1269"	"digno"	1
"1270"	"dije"	9
"1271"	"dijeron"	1
"1272"	"dijo"	20
"1273"	"dile"	3
"1274"	"diletante"	1
"1275"	"dinero"	1
"1276"	"dio"	7
"1277"	"dios"	7
"1278"	"diostedé"	1
"1279"	"dique"	1
"1280"	"dirás"	1
"1281"	"dirección"	2
"1282"	"dirigí"	2
"1283"	"dirigía"	2
"1284"	"dirigidas"	1
"1285"	"dirigiéndose"	3
"1286"	"dirigimos"	1
"1287"	"dirigió"	2
"1288"	"dirigióse"	1
"1289"	"dirigirse"	1
"1290"	"discípulas"	1
"1291"	"disculpa"	1
"1292"	"disculpando"	1
"1293"	"disculpar"	1
"1294"	"disculparme"	1
"1295"	"disculpó"	1
"1296"	"discurso"	1
"1297"	"disimular"	1
"1298"	"dispersas"	1
"1299"	"disponía"	1
"1300"	"dispuesto"	1
"1301"	"disputaban"	1
"1302"	"distancia"	1
"1303"	"distante"	1
"1304"	"distinguiéndose"	1
"1305"	"distinguir"	2
"1306"	"distraídamente"	1
"1307"	"divertida"	1
"1308"	"dividida"	1
"1309"	"diviniza"	1
"1310"	"divinizada"	1
"1311"	"divisaba"	3
"1312"	"divisábanse"	1
"1313"	"divisado"	1
"1314"	"divisarlo"	1
"1315"	"divisarse"	1
"1316"	"divisé"	2
"1317"	"doblados"	1
"1318"	"doblar"	1
"1319"	"doble"	2
"1320"	"doblé"	1
"1321"	"doblegan"	1
"1322"	"doce"	3
"1323"	"docena"	1
"1324"	"dócil"	1
"1325"	"doctor"	11
"1326"	"doliente"	1
"1327"	"dolor"	12
"1328"	"dolores"	1
"1329"	"dolorosa"	2
"1330"	"dolorosamente"	1
"1331"	"dolorosas"	1
"1332"	"dolorosos"	1
"1333"	"domésticas"	1
"1334"	"domésticos"	1
"1335"	"dominando"	1
"1336"	"dominar"	1
"1337"	"domingo"	1
"1338"	"don"	2
"1339"	"donaire"	1
"1340"	"donde"	36
"1341"	"dónde"	4
"1342"	"dones"	1
"1343"	"doraban"	1
"1344"	"doradas"	2
"1345"	"dormí"	2
"1346"	"dormía"	3
"1347"	"dormida"	4
"1348"	"dormidas"	1
"1349"	"dormideros"	1
"1350"	"dormir"	1
"1351"	"dormirse"	2
"1352"	"dos"	24
"1353"	"dote"	2
"1354"	"duda"	3
"1355"	"dudé"	1
"1356"	"dueño"	1
"1357"	"duerme"	2
"1358"	"dulce"	8
"1359"	"dulcemente"	1
"1360"	"dulces"	4
"1361"	"durante"	19
"1362"	"durase"	1
"1363"	"durmiese"	1
"1364"	"durmió"	1
"1365"	"duró"	1
"1366"	"e"	12
"1367"	"echéme"	1
"1368"	"eco"	2
"1369"	"economía"	1
"1370"	"ecos"	2
"1371"	"edad"	4
"1372"	"edén"	1
"1373"	"educarla"	1
"1374"	"efecto"	1
"1375"	"efraín"	6
"1376"	"el"	376
"1377"	"él"	41
"1378"	"elementales"	1
"1379"	"elena"	1
"1380"	"elevaba"	1
"1381"	"elevan"	1
"1382"	"elevándose"	1
"1383"	"elevarse"	1
"1384"	"elevó"	1
"1385"	"ella"	86
"1386"	"ellas"	13
"1387"	"ello"	1
"1388"	"ellos"	13
"1389"	"elocuente"	1
"1390"	"eloísa"	3
"1391"	"embargaban"	1
"1392"	"embargo"	1
"1393"	"embellecería"	1
"1394"	"embellecido"	1
"1395"	"embelleciera"	1
"1396"	"emblema"	1
"1397"	"embozado"	1
"1398"	"emma"	39
"1399"	"emoción"	7
"1400"	"emociones"	2
"1401"	"empalidecidas"	1
"1402"	"empecé"	1
"1403"	"empedrado"	3
"1404"	"empeñaban"	1
"1405"	"empeñado"	1
"1406"	"empeñó"	1
"1407"	"empezaba"	4
"1408"	"empezábamos"	1
"1409"	"empezaban"	2
"1410"	"empezada"	1
"1411"	"empezaron"	1
"1412"	"empezó"	1
"1413"	"empinaba"	1
"1414"	"empleo"	1
"1415"	"emprender"	8
"1416"	"empresas"	1
"1417"	"empujó"	1
"1418"	"en"	458
"1419"	"enaguas"	1
"1420"	"enamoró"	1
"1421"	"encaje"	1
"1422"	"encajes"	1
"1423"	"encanecido"	1
"1424"	"encantos"	1
"1425"	"encargado"	1
"1426"	"encargo"	1
"1427"	"encarnado"	1
"1428"	"encima"	1
"1429"	"encontraba"	1
"1430"	"encontrado"	3
"1431"	"encontramos"	2
"1432"	"encontrándome"	1
"1433"	"encontrar"	2
"1434"	"encontrarlo"	1
"1435"	"encontrarnos"	1
"1436"	"encontraron"	1
"1437"	"encontrarse"	1
"1438"	"encontré"	1
"1439"	"encontró"	1
"1440"	"encresparon"	1
"1441"	"enderezarse"	1
"1442"	"enferma"	2
"1443"	"enfermarme"	1
"1444"	"enfermedad"	5
"1445"	"enflaquecidas"	1
"1446"	"enfrente"	2
"1447"	"enfrió"	1
"1448"	"engalanada"	1
"1449"	"engalanado"	1
"1450"	"engalanando"	1
"1451"	"engalanar"	1
"1452"	"engañarme"	1
"1453"	"engañaron"	1
"1454"	"engaño"	1
"1455"	"engaste"	1
"1456"	"enjugaba"	1
"1457"	"enjugado"	1
"1458"	"enjugar"	1
"1459"	"enjugarlas"	1
"1460"	"enjugaron"	1
"1461"	"enlace"	1
"1462"	"enlazaban"	1
"1463"	"enlazado"	1
"1464"	"enlutada"	1
"1465"	"enlutadas"	1
"1466"	"enmarañado"	1
"1467"	"enmedio"	2
"1468"	"enmudecer"	2
"1469"	"ennegrecía"	1
"1470"	"enormes"	1
"1471"	"enredaderas"	2
"1472"	"enrollada"	1
"1473"	"enronquecida"	1
"1474"	"ensayaba"	1
"1475"	"enseñado"	1
"1476"	"enseres"	1
"1477"	"ensillado"	1
"1478"	"ensillármelo"	1
"1479"	"ensueños"	1
"1480"	"enternecido"	1
"1481"	"entonaban"	1
"1482"	"entonces"	28
"1483"	"entornarla"	1
"1484"	"entraba"	2
"1485"	"entraban"	1
"1486"	"entrada"	1
"1487"	"entrambas"	1
"1488"	"entrar"	1
"1489"	"entre"	18
"1490"	"entré"	4
"1491"	"entreabierta"	1
"1492"	"entreabrí"	1
"1493"	"entreabrió"	1
"1494"	"entregada"	1
"1495"	"entregándome"	1
"1496"	"entregándomelo"	1
"1497"	"entregó"	2
"1498"	"entristeces"	1
"1499"	"entristecieron"	1
"1500"	"entró"	2
"1501"	"entusiasmarse"	1
"1502"	"entusiasmo"	3
"1503"	"envejecido"	1
"1504"	"envés"	1
"1505"	"envía"	1
"1506"	"enviado"	3
"1507"	"enviarme"	1
"1508"	"envidia"	1
"1509"	"envolverás"	1
"1510"	"envueltas"	1
"1511"	"envueltos"	1
"1512"	"epilepsia"	2
"1513"	"epiléptico"	1
"1514"	"episodio"	1
"1515"	"equipaje"	1
"1516"	"era"	56
"1517"	"eran"	13
"1518"	"eres"	4
"1519"	"errado"	1
"1520"	"es"	46
"1521"	"esa"	21
"1522"	"esas"	6
"1523"	"ésas"	1
"1524"	"escalones"	1
"1525"	"escapó"	1
"1526"	"escasas"	1
"1527"	"escena"	1
"1528"	"esclava"	4
"1529"	"esclavas"	1
"1530"	"esclavo"	2
"1531"	"esclavos"	6
"1532"	"escondía"	1
"1533"	"escondían"	1
"1534"	"escondido"	1
"1535"	"escopeta"	2
"1536"	"escribía"	1
"1537"	"escribiendo"	1
"1538"	"escribió"	1
"1539"	"escribir"	1
"1540"	"escritas"	2
"1541"	"escrito"	1
"1542"	"escritorio"	2
"1543"	"escuchado"	2
"1544"	"escuchan"	1
"1545"	"ese"	27
"1546"	"esencias"	1
"1547"	"esforzaban"	1
"1548"	"esforzarse"	1
"1549"	"esfuerza"	1
"1550"	"esfuerzo"	4
"1551"	"esfuerzos"	3
"1552"	"esmaltado"	1
"1553"	"esmero"	2
"1554"	"eso"	8
"1555"	"esos"	4
"1556"	"espaciosamente"	1
"1557"	"espalda"	3
"1558"	"espaldas"	1
"1559"	"españa"	1
"1560"	"español"	1
"1561"	"espantaba"	2
"1562"	"espanto"	1
"1563"	"espantoso"	2
"1564"	"esparcidas"	2
"1565"	"especialmente"	1
"1566"	"especie"	2
"1567"	"espejo"	1
"1568"	"espejuelos"	1
"1569"	"esperaba"	3
"1570"	"esperado"	1
"1571"	"esperamos"	1
"1572"	"esperando"	2
"1573"	"esperanza"	2
"1574"	"esperanzas"	3
"1575"	"esperar"	3
"1576"	"esperarme"	2
"1577"	"esperarse"	1
"1578"	"espere"	1
"1579"	"esperé"	2
"1580"	"espero"	1
"1581"	"esperó"	1
"1582"	"espesa"	1
"1583"	"espesura"	1
"1584"	"espiaba"	1
"1585"	"espiando"	1
"1586"	"espinas"	1
"1587"	"espiral"	1
"1588"	"espirar"	1
"1589"	"espíritu"	4
"1590"	"esplendidez"	1
"1591"	"espléndidos"	1
"1592"	"espontáneos"	1
"1593"	"esposa"	9
"1594"	"esposas"	1
"1595"	"esposo"	2
"1596"	"espuelas"	2
"1597"	"espumas"	3
"1598"	"espumosa"	1
"1599"	"esta"	10
"1600"	"ésta"	8
"1601"	"está"	14
"1602"	"estaba"	45
"1603"	"estábamos"	1
"1604"	"estaban"	10
"1605"	"estabas"	2
"1606"	"establecida"	1
"1607"	"establecido"	1
"1608"	"estado"	4
"1609"	"estampas"	1
"1610"	"están"	2
"1611"	"estancia"	3
"1612"	"estancó"	1
"1613"	"estando"	1
"1614"	"estanque"	1
"1615"	"estar"	2
"1616"	"estaréis"	1
"1617"	"estaremos"	1
"1618"	"estaría"	1
"1619"	"estarlo"	2
"1620"	"estarme"	2
"1621"	"estas"	5
"1622"	"éstas"	1
"1623"	"estás"	1
"1624"	"este"	5
"1625"	"éste"	3
"1626"	"estémonos"	1
"1627"	"ester"	2
"1628"	"esteras"	1
"1629"	"estimables"	1
"1630"	"esto"	6
"1631"	"estos"	1
"1632"	"éstos"	1
"1633"	"estoy"	3
"1634"	"estrechaba"	2
"1635"	"estrechaban"	1
"1636"	"estrechado"	1
"1637"	"estréchalo"	1
"1638"	"estrechando"	1
"1639"	"estrecharla"	1
"1640"	"estrecharme"	2
"1641"	"estrechó"	3
"1642"	"estrellado"	1
"1643"	"estremecido"	1
"1644"	"estremeciéndose"	2
"1645"	"estrepitosos"	1
"1646"	"estribo"	1
"1647"	"estrofas"	1
"1648"	"estruendo"	1
"1649"	"estrujadas"	1
"1650"	"estudio"	4
"1651"	"estudios"	3
"1652"	"estuvieran"	1
"1653"	"estuvieron"	1
"1654"	"estuvo"	5
"1655"	"eternidad"	1
"1656"	"etiqueta"	1
"1657"	"europa"	3
"1658"	"evitando"	1
"1659"	"evitar"	2
"1660"	"evitarme"	1
"1661"	"evitarnos"	1
"1662"	"exactamente"	1
"1663"	"exaltación"	1
"1664"	"examen"	1
"1665"	"examinado"	1
"1666"	"examinadora"	1
"1667"	"examinar"	2
"1668"	"examinarlo"	1
"1669"	"excesiva"	1
"1670"	"exclamé"	2
"1671"	"exclamó"	2
"1672"	"excusa"	1
"1673"	"exhalaba"	1
"1674"	"exhalaban"	1
"1675"	"exhalado"	1
"1676"	"exhalaron"	1
"1677"	"exhaló"	1
"1678"	"exigía"	1
"1679"	"exigió"	1
"1680"	"exigir"	1
"1681"	"exijo"	1
"1682"	"existe"	1
"1683"	"existen"	1
"1684"	"existencia"	3
"1685"	"experimenté"	1
"1686"	"explicaba"	1
"1687"	"explicación"	1
"1688"	"explicaciones"	3
"1689"	"explicarme"	1
"1690"	"expresar"	1
"1691"	"expresión"	2
"1692"	"exprimiendo"	1
"1693"	"expuso"	1
"1694"	"éxtasis"	1
"1695"	"extensas"	1
"1696"	"extraña"	3
"1697"	"extrañado"	1
"1698"	"extranjera"	1
"1699"	"extremidades"	1
"1700"	"extremo"	2
"1701"	"exuberante"	1
"1702"	"fábrica"	2
"1703"	"fácil"	1
"1704"	"falda"	5
"1705"	"faldas"	2
"1706"	"falta"	2
"1707"	"faltaba"	3
"1708"	"faltarle"	1
"1709"	"faltarme"	1
"1710"	"faltó"	1
"1711"	"faltóme"	1
"1712"	"familia"	7
"1713"	"famoso"	1
"1714"	"fanegadas"	1
"1715"	"fantástico"	1
"1716"	"fatigado"	2
"1717"	"fatigas"	1
"1718"	"fatigoso"	1
"1719"	"favor"	3
"1720"	"faz"	3
"1721"	"fe"	1
"1722"	"felices"	3
"1723"	"felicidad"	8
"1724"	"felipe"	1
"1725"	"feliz"	5
"1726"	"festín"	1
"1727"	"festones"	1
"1728"	"fiel"	1
"1729"	"fielmente"	1
"1730"	"figuraran"	1
"1731"	"fija"	1
"1732"	"fijado"	1
"1733"	"fijamente"	1
"1734"	"fijándolos"	1
"1735"	"fijar"	1
"1736"	"fijeza"	1
"1737"	"fijó"	2
"1738"	"fijos"	2
"1739"	"filo"	1
"1740"	"fin"	10
"1741"	"fina"	1
"1742"	"final"	1
"1743"	"finas"	1
"1744"	"fincas"	1
"1745"	"fineza"	1
"1746"	"fingía"	1
"1747"	"fingida"	1
"1748"	"fingido"	2
"1749"	"fino"	2
"1750"	"firme"	1
"1751"	"físicamente"	1
"1752"	"fisonomía"	3
"1753"	"flautas"	1
"1754"	"flor"	2
"1755"	"florecer"	1
"1756"	"florecida"	1
"1757"	"florecidos"	1
"1758"	"florecillas"	1
"1759"	"florero"	7
"1760"	"flores"	22
"1761"	"floridas"	2
"1762"	"flotaban"	1
"1763"	"flotantes"	1
"1764"	"follajes"	9
"1765"	"follao"	1
"1766"	"fomentado"	1
"1767"	"fondo"	5
"1768"	"forma"	1
"1769"	"formaba"	1
"1770"	"formada"	1
"1771"	"formado"	3
"1772"	"formando"	2
"1773"	"formar"	4
"1774"	"forzado"	1
"1775"	"fragancia"	1
"1776"	"fragante"	1
"1777"	"frase"	1
"1778"	"frases"	1
"1779"	"frecuencia"	1
"1780"	"frecuentes"	1
"1781"	"frenesí"	1
"1782"	"frente"	27
"1783"	"frentes"	1
"1784"	"fresca"	1
"1785"	"frescas"	2
"1786"	"fría"	4
"1787"	"frío"	4
"1788"	"frondoso"	1
"1789"	"frondosos"	2
"1790"	"fruto"	1
"1791"	"frutos"	1
"1792"	"fue"	16
"1793"	"fuego"	2
"1794"	"fuera"	2
"1795"	"fueron"	5
"1796"	"fuerte"	1
"1797"	"fuertemente"	1
"1798"	"fuerza"	5
"1799"	"fuerzas"	3
"1800"	"fuese"	2
"1801"	"fugitiva"	1
"1802"	"fugitivas"	1
"1803"	"fui"	1
"1804"	"fuimos"	1
"1805"	"fuiste"	1
"1806"	"fumando"	1
"1807"	"fúnebre"	1
"1808"	"fusilado"	1
"1809"	"gabinete"	1
"1810"	"galope"	1
"1811"	"ganado"	2
"1812"	"garganta"	2
"1813"	"gargantilla"	1
"1814"	"gargantillas"	1
"1815"	"garza"	1
"1816"	"garzas"	1
"1817"	"gasa"	2
"1818"	"gasas"	1
"1819"	"gastados"	1
"1820"	"gemido"	1
"1821"	"gemidos"	2
"1822"	"genio"	1
"1823"	"genios"	1
"1824"	"gentes"	1
"1825"	"gentiles"	1
"1826"	"gentileza"	1
"1827"	"geografía"	2
"1828"	"geográfico"	1
"1829"	"gigante"	1
"1830"	"gimiendo"	1
"1831"	"girando"	1
"1832"	"globo"	1
"1833"	"goces"	1
"1834"	"golas"	1
"1835"	"goleta"	1
"1836"	"gozaba"	1
"1837"	"grabadas"	1
"1838"	"gracia"	1
"1839"	"gracias"	2
"1840"	"graciosa"	1
"1841"	"graciosamente"	1
"1842"	"gradería"	3
"1843"	"graduar"	1
"1844"	"grama"	1
"1845"	"gramal"	1
"1846"	"gramales"	1
"1847"	"gramática"	1
"1848"	"granada"	1
"1849"	"grande"	1
"1850"	"grandes"	2
"1851"	"grata"	1
"1852"	"gratitud"	2
"1853"	"grato"	2
"1854"	"gratos"	2
"1855"	"grave"	4
"1856"	"graznido"	1
"1857"	"greguería"	1
"1858"	"gritaba"	1
"1859"	"grité"	1
"1860"	"grito"	6
"1861"	"gro"	1
"1862"	"gruduales"	1
"1863"	"gruesas"	2
"1864"	"grupo"	5
"1865"	"grupos"	1
"1866"	"guacamayas"	1
"1867"	"guadua"	2
"1868"	"guaduales"	3
"1869"	"guardada"	1
"1870"	"guardado"	1
"1871"	"guardados"	1
"1872"	"guardapelo"	1
"1873"	"guardara"	1
"1874"	"guardármelas"	1
"1875"	"guarnición"	1
"1876"	"guatines"	1
"1877"	"guayabales"	1
"1878"	"guayabas"	1
"1879"	"guijarroso"	1
"1880"	"ha"	19
"1881"	"habéis"	2
"1882"	"haber"	9
"1883"	"haberla"	2
"1884"	"haberle"	1
"1885"	"haberse"	1
"1886"	"haberte"	1
"1887"	"había"	106
"1888"	"habíamos"	1
"1889"	"habían"	31
"1890"	"habíanla"	1
"1891"	"habías"	1
"1892"	"habido"	1
"1893"	"habiendo"	2
"1894"	"habitación"	6
"1895"	"habitaciones"	1
"1896"	"habitar"	1
"1897"	"hablaba"	5
"1898"	"hablaban"	3
"1899"	"hablar"	6
"1900"	"hablarle"	1
"1901"	"hablarme"	1
"1902"	"hablarte"	2
"1903"	"hablé"	4
"1904"	"hables"	1
"1905"	"hablo"	1
"1906"	"habló"	3
"1907"	"habréis"	1
"1908"	"habría"	8
"1909"	"habrían"	3
"1910"	"habrías"	1
"1911"	"hace"	9
"1912"	"hacen"	1
"1913"	"hacer"	15
"1914"	"hacerla"	1
"1915"	"hacerle"	1
"1916"	"hacerlo"	3
"1917"	"hacerme"	5
"1918"	"hacernos"	1
"1919"	"hacerte"	1
"1920"	"hacha"	2
"1921"	"hacia"	17
"1922"	"hacía"	9
"1923"	"hacienda"	3
"1924"	"haciendas"	3
"1925"	"haciendo"	5
"1926"	"haciéndose"	1
"1927"	"halé"	1
"1928"	"hallaba"	3
"1929"	"hallábame"	1
"1930"	"hallar"	1
"1931"	"hallarme"	1
"1932"	"hallaron"	1
"1933"	"halle"	1
"1934"	"hallé"	3
"1935"	"halló"	2
"1936"	"hambrientas"	1
"1937"	"han"	9
"1938"	"hará"	2
"1939"	"haría"	3
"1940"	"has"	3
"1941"	"hasta"	20
"1942"	"hay"	5
"1943"	"hazla"	1
"1944"	"he"	15
"1945"	"hebras"	1
"1946"	"hecha"	1
"1947"	"hechas"	2
"1948"	"hechicero"	1
"1949"	"hecho"	12
"1950"	"hechos"	1
"1951"	"helada"	1
"1952"	"helado"	1
"1953"	"helara"	1
"1954"	"helechos"	1
"1955"	"hemos"	3
"1956"	"hería"	1
"1957"	"herido"	1
"1958"	"heridos"	1
"1959"	"herir"	1
"1960"	"hermana"	11
"1961"	"hermanas"	18
"1962"	"hermano"	2
"1963"	"hermanos"	1
"1964"	"hermosa"	2
"1965"	"hermosas"	4
"1966"	"hermosearlo"	1
"1967"	"hermoso"	5
"1968"	"hermosos"	3
"1969"	"hermosura"	2
"1970"	"héroe"	1
"1971"	"heroicos"	1
"1972"	"herrados"	1
"1973"	"herraduras"	1
"1974"	"herramientas"	1
"1975"	"hervidoras"	1
"1976"	"hice"	4
"1977"	"hicieron"	4
"1978"	"hiciese"	2
"1979"	"hicimos"	1
"1980"	"hierro"	2
"1981"	"higinio"	3
"1982"	"higuerones"	2
"1983"	"hija"	14
"1984"	"hijas"	10
"1985"	"hijo"	9
"1986"	"hilo"	1
"1987"	"historia"	3
"1988"	"hizo"	14
"1989"	"hogar"	3
"1990"	"hoguera"	1
"1991"	"hoja"	2
"1992"	"hojarasca"	1
"1993"	"hojas"	4
"1994"	"hombre"	2
"1995"	"hombres"	3
"1996"	"hombro"	3
"1997"	"hombros"	5
"1998"	"honda"	2
"1999"	"hondo"	1
"2000"	"hora"	13
"2001"	"horas"	16
"2002"	"horizonte"	2
"2003"	"horizontes"	1
"2004"	"hoy"	6
"2005"	"hoyuelada"	1
"2006"	"hoyuelos"	1
"2007"	"hube"	2
"2008"	"hubiera"	5
"2009"	"hubiese"	9
"2010"	"hubiesen"	3
"2011"	"hubo"	3
"2012"	"huellas"	1
"2013"	"huérfana"	1
"2014"	"huertecillo"	1
"2015"	"huerto"	11
"2016"	"huésped"	1
"2017"	"huila"	1
"2018"	"humano"	2
"2019"	"humaredas"	1
"2020"	"humeando"	1
"2021"	"húmedas"	3
"2022"	"humedecía"	1
"2023"	"humedecían"	1
"2024"	"humedecida"	1
"2025"	"humedecidas"	1
"2026"	"humedecidos"	2
"2027"	"humedeciendo"	1
"2028"	"húmedos"	1
"2029"	"humilde"	4
"2030"	"humildemente"	2
"2031"	"humildes"	1
"2032"	"humillándose"	1
"2033"	"hundía"	1
"2034"	"hundiendo"	1
"2035"	"huracán"	3
"2036"	"huyendo"	1
"2037"	"huyeron"	1
"2038"	"i"	1
"2039"	"iba"	17
"2040"	"iban"	1
"2041"	"idea"	1
"2042"	"ideal"	1
"2043"	"idioma"	2
"2044"	"ido"	1
"2045"	"ignorado"	1
"2046"	"ignoráis"	1
"2047"	"ignoran"	1
"2048"	"ignoras"	1
"2049"	"igual"	2
"2050"	"ii"	1
"2051"	"iii"	1
"2052"	"ijares"	1
"2053"	"iluminaba"	1
"2054"	"iluminadas"	3
"2055"	"iluminar"	1
"2056"	"ilumináronsele"	1
"2057"	"ilusión"	1
"2058"	"ilusorias"	1
"2059"	"imagen"	4
"2060"	"imaginaba"	1
"2061"	"imaginación"	3
"2062"	"imaginando"	1
"2063"	"imaginé"	1
"2064"	"imaginó"	1
"2065"	"impaciencia"	2
"2066"	"impacientado"	1
"2067"	"impaciente"	1
"2068"	"impedido"	1
"2069"	"impediría"	1
"2070"	"impelida"	1
"2071"	"imperativos"	1
"2072"	"imperceptible"	2
"2073"	"imperceptiblemente"	1
"2074"	"impetuosas"	1
"2075"	"impetuosidad"	1
"2076"	"impetuoso"	2
"2077"	"impidieron"	2
"2078"	"implacable"	1
"2079"	"imponía"	1
"2080"	"importante"	1
"2081"	"imposible"	3
"2082"	"impotente"	2
"2083"	"impresión"	1
"2084"	"impresionado"	1
"2085"	"improvisado"	1
"2086"	"inaccesible"	1
"2087"	"incesantemente"	2
"2088"	"inclinaba"	1
"2089"	"inclinarse"	1
"2090"	"inclinó"	1
"2091"	"inconsideradamente"	1
"2092"	"incorporándose"	1
"2093"	"incorporarme"	1
"2094"	"incremento"	1
"2095"	"incurable"	1
"2096"	"indecible"	1
"2097"	"indecisa"	1
"2098"	"indefinible"	2
"2099"	"indeleblemente"	1
"2100"	"indestructibles"	1
"2101"	"india"	1
"2102"	"indiano"	1
"2103"	"indicaciones"	1
"2104"	"indicado"	1
"2105"	"indicándome"	1
"2106"	"indicarle"	1
"2107"	"indicarme"	1
"2108"	"indiferente"	2
"2109"	"indignas"	1
"2110"	"indigno"	2
"2111"	"indispensable"	1
"2112"	"indistintamente"	1
"2113"	"inequívocas"	1
"2114"	"inerte"	1
"2115"	"inextinguible"	1
"2116"	"infancia"	3
"2117"	"infantil"	3
"2118"	"infantiles"	3
"2119"	"infantilmente"	1
"2120"	"infeliz"	1
"2121"	"infiel"	1
"2122"	"informe"	1
"2123"	"infructuosos"	2
"2124"	"ingenio"	1
"2125"	"ingrato"	1
"2126"	"ininteligibles"	1
"2127"	"inmediata"	1
"2128"	"inmediato"	3
"2129"	"inmediatos"	1
"2130"	"inmensidad"	1
"2131"	"inmensos"	1
"2132"	"inmortal"	1
"2133"	"inmóvil"	4
"2134"	"inmovilidad"	1
"2135"	"inocencia"	2
"2136"	"inocente"	3
"2137"	"inocentes"	2
"2138"	"inolvidable"	1
"2139"	"inquieta"	1
"2140"	"inquietos"	1
"2141"	"insectos"	1
"2142"	"insensible"	2
"2143"	"insignia"	1
"2144"	"insinuante"	1
"2145"	"insistir"	1
"2146"	"insomnio"	1
"2147"	"insoportable"	1
"2148"	"inspiración"	1
"2149"	"instancias"	2
"2150"	"instantáneo"	1
"2151"	"instante"	13
"2152"	"instantes"	4
"2153"	"instintivamente"	1
"2154"	"instó"	1
"2155"	"insuperable"	1
"2156"	"inteligencia"	1
"2157"	"inteligente"	1
"2158"	"intencionalmente"	1
"2159"	"intensa"	1
"2160"	"intensas"	2
"2161"	"intenta"	1
"2162"	"intentaban"	1
"2163"	"intenté"	1
"2164"	"intentó"	1
"2165"	"interés"	2
"2166"	"interiores"	1
"2167"	"internarme"	1
"2168"	"internarse"	2
"2169"	"interpuesto"	1
"2170"	"interroga"	1
"2171"	"interrumpían"	1
"2172"	"interrumpida"	1
"2173"	"interrumpido"	2
"2174"	"interrumpió"	6
"2175"	"interrumpióme"	1
"2176"	"íntimo"	1
"2177"	"intrépido"	1
"2178"	"inundado"	1
"2179"	"inútil"	1
"2180"	"inútiles"	2
"2181"	"inútilmente"	6
"2182"	"invencible"	1
"2183"	"invierno"	1
"2184"	"invitados"	1
"2185"	"involuntaria"	1
"2186"	"involuntariamente"	1
"2187"	"ir"	4
"2188"	"iracales"	1
"2189"	"iracundo"	1
"2190"	"irrevocable"	1
"2191"	"irrevocables"	1
"2192"	"irte"	1
"2193"	"iv"	1
"2194"	"ix"	1
"2195"	"izquierda"	6
"2196"	"jamaica"	2
"2197"	"jamás"	1
"2198"	"jardín"	9
"2199"	"jesús"	1
"2200"	"jinete"	1
"2201"	"jirón"	1
"2202"	"jornada"	2
"2203"	"josé"	19
"2204"	"joven"	7
"2205"	"jóvenes"	1
"2206"	"jovial"	1
"2207"	"joviales"	1
"2208"	"jovialidad"	1
"2209"	"juan"	8
"2210"	"judaica"	1
"2211"	"judía"	1
"2212"	"juego"	2
"2213"	"juegos"	3
"2214"	"jugaba"	1
"2215"	"jugaban"	1
"2216"	"jugando"	1
"2217"	"jugar"	2
"2218"	"juguete"	1
"2219"	"jugueteando"	1
"2220"	"juguetear"	1
"2221"	"juguetes"	1
"2222"	"julián"	2
"2223"	"julio"	1
"2224"	"junco"	2
"2225"	"juntas"	1
"2226"	"junto"	1
"2227"	"juntó"	1
"2228"	"juntos"	1
"2229"	"justo"	2
"2230"	"juventud"	1
"2231"	"kingston"	3
"2232"	"la"	588
"2233"	"labios"	26
"2234"	"labor"	1
"2235"	"labores"	2
"2236"	"laboriosidad"	1
"2237"	"labradores"	1
"2238"	"labranzas"	1
"2239"	"ladera"	2
"2240"	"laderas"	1
"2241"	"lado"	13
"2242"	"ladridos"	2
"2243"	"lágrimas"	25
"2244"	"lagunas"	1
"2245"	"lamas"	1
"2246"	"lamentable"	1
"2247"	"lamentos"	1
"2248"	"lamía"	1
"2249"	"lámpara"	5
"2250"	"lampos"	2
"2251"	"lancha"	1
"2252"	"lanzaban"	2
"2253"	"lanzase"	1
"2254"	"larga"	1
"2255"	"largas"	1
"2256"	"largo"	4
"2257"	"las"	285
"2258"	"lástima"	1
"2259"	"lastimosamente"	1
"2260"	"lazo"	1
"2261"	"le"	82
"2262"	"lecciones"	2
"2263"	"leche"	1
"2264"	"lecho"	17
"2265"	"lectura"	3
"2266"	"leedlas"	1
"2267"	"leer"	2
"2268"	"legua"	2
"2269"	"leguas"	4
"2270"	"legumbres"	1
"2271"	"leí"	2
"2272"	"leía"	2
"2273"	"leíamos"	1
"2274"	"leídos"	1
"2275"	"lejana"	1
"2276"	"lejanas"	1
"2277"	"lejanía"	1
"2278"	"lejano"	1
"2279"	"lejanos"	1
"2280"	"lejos"	2
"2281"	"lengua"	1
"2282"	"lenguaje"	1
"2283"	"leño"	1
"2284"	"lenta"	1
"2285"	"lentamente"	8
"2286"	"lentas"	1
"2287"	"lento"	1
"2288"	"les"	9
"2289"	"lesión"	1
"2290"	"levantaba"	1
"2291"	"levantaban"	2
"2292"	"levantándola"	1
"2293"	"levantar"	2
"2294"	"levantarnos"	1
"2295"	"levantaron"	2
"2296"	"levantarse"	1
"2297"	"levántate"	1
"2298"	"levanté"	1
"2299"	"levantéme"	1
"2300"	"levantó"	3
"2301"	"leve"	4
"2302"	"leyendo"	1
"2303"	"libertad"	1
"2304"	"librarlo"	1
"2305"	"libre"	1
"2306"	"libro"	3
"2307"	"licencia"	1
"2308"	"ligera"	3
"2309"	"ligeramente"	2
"2310"	"ligeras"	1
"2311"	"ligero"	2
"2312"	"ligeros"	1
"2313"	"limpieza"	1
"2314"	"linda"	3
"2315"	"lindas"	2
"2316"	"línea"	1
"2317"	"líneas"	3
"2318"	"lirios"	3
"2319"	"lisonjera"	1
"2320"	"lista"	1
"2321"	"listas"	1
"2322"	"lívido"	1
"2323"	"lívidos"	1
"2324"	"llama"	1
"2325"	"llamaba"	1
"2326"	"llamaban"	1
"2327"	"llamado"	1
"2328"	"llamamiento"	1
"2329"	"llaman"	1
"2330"	"llamándola"	1
"2331"	"llamar"	3
"2332"	"llamaron"	2
"2333"	"llamas"	2
"2334"	"llamé"	1
"2335"	"llamó"	3
"2336"	"llamóla"	1
"2337"	"llanto"	3
"2338"	"llanura"	2
"2339"	"llanuras"	3
"2340"	"llave"	1
"2341"	"llaves"	1
"2342"	"llegaba"	1
"2343"	"llegada"	2
"2344"	"llegado"	2
"2345"	"llegamos"	1
"2346"	"llegándome"	1
"2347"	"llegar"	1
"2348"	"llegaría"	1
"2349"	"llegase"	1
"2350"	"llegó"	2
"2351"	"llegué"	2
"2352"	"llegues"	1
"2353"	"llena"	4
"2354"	"llenando"	1
"2355"	"llenar"	1
"2356"	"llenaron"	1
"2357"	"llenas"	2
"2358"	"lleno"	2
"2359"	"lleras"	1
"2360"	"llevaba"	6
"2361"	"llevaban"	1
"2362"	"llevando"	1
"2363"	"llevé"	2
"2364"	"lloraba"	2
"2365"	"llorad"	1
"2366"	"llorado"	3
"2367"	"llorando"	3
"2368"	"llorar"	4
"2369"	"llores"	1
"2370"	"llover"	1
"2371"	"lluvia"	3
"2372"	"lluvias"	2
"2373"	"lo"	83
"2374"	"locura"	1
"2375"	"loquillas"	1
"2376"	"lorenzo"	3
"2377"	"loros"	3
"2378"	"los"	232
"2379"	"losa"	1
"2380"	"loza"	1
"2381"	"lozanas"	1
"2382"	"lozanía"	1
"2383"	"lozano"	1
"2384"	"luces"	3
"2385"	"lucha"	2
"2386"	"luché"	1
"2387"	"lucía"	3
"2388"	"lucidamente"	1
"2389"	"luciente"	1
"2390"	"luego"	12
"2391"	"lugar"	3
"2392"	"lúgubremente"	1
"2393"	"luisa"	4
"2394"	"lujo"	1
"2395"	"lujosa"	1
"2396"	"lujoso"	2
"2397"	"lujosos"	1
"2398"	"luna"	7
"2399"	"luz"	14
"2400"	"lx"	1
"2401"	"lxi"	1
"2402"	"lxii"	1
"2403"	"lxiii"	1
"2404"	"lxiv"	1
"2405"	"lxv"	1
"2406"	"m"	3
"2407"	"machete"	1
"2408"	"madera"	1
"2409"	"madre"	64
"2410"	"madrugada"	5
"2411"	"maduros"	1
"2412"	"maestría"	1
"2413"	"mágica"	1
"2414"	"magnetizado"	1
"2415"	"maíz"	1
"2416"	"maizal"	1
"2417"	"maizales"	1
"2418"	"majagual"	1
"2419"	"majestuoso"	1
"2420"	"mal"	12
"2421"	"mala"	2
"2422"	"maldecido"	1
"2423"	"maldice"	1
"2424"	"malezas"	3
"2425"	"malicioso"	1
"2426"	"mamá"	1
"2427"	"mañana"	25
"2428"	"mañanas"	1
"2429"	"mancha"	1
"2430"	"manchado"	1
"2431"	"mandándole"	1
"2432"	"mande"	1
"2433"	"mandé"	1
"2434"	"manera"	6
"2435"	"mango"	1
"2436"	"manifestado"	1
"2437"	"manifestó"	3
"2438"	"manitas"	1
"2439"	"mano"	18
"2440"	"manos"	26
"2441"	"mansión"	2
"2442"	"manta"	1
"2443"	"mantel"	1
"2444"	"manteles"	1
"2445"	"mantos"	2
"2446"	"manumisos"	1
"2447"	"manzanilla"	1
"2448"	"mapa"	1
"2449"	"mapas"	2
"2450"	"maravillosos"	1
"2451"	"marcha"	3
"2452"	"marchar"	1
"2453"	"marchitar"	1
"2454"	"marchitas"	3
"2455"	"marchito"	1
"2456"	"marchitos"	1
"2457"	"marco"	1
"2458"	"maría"	124
"2459"	"marido"	2
"2460"	"martirio"	1
"2461"	"mas"	7
"2462"	"más"	67
"2463"	"mata"	1
"2464"	"mate"	1
"2465"	"materia"	1
"2466"	"materias"	1
"2467"	"materna"	3
"2468"	"maternales"	1
"2469"	"mates"	1
"2470"	"matrimonio"	4
"2471"	"matutina"	1
"2472"	"maula"	1
"2473"	"mayn"	7
"2474"	"mayo"	9
"2475"	"mayor"	2
"2476"	"mayordomo"	1
"2477"	"mayores"	1
"2478"	"me"	176
"2479"	"mecerse"	1
"2480"	"mecía"	2
"2481"	"mecían"	1
"2482"	"media"	4
"2483"	"medía"	1
"2484"	"mediante"	1
"2485"	"medias"	1
"2486"	"medicina"	1
"2487"	"médico"	5
"2488"	"medido"	1
"2489"	"medio"	25
"2490"	"medir"	2
"2491"	"meditando"	2
"2492"	"mejilla"	4
"2493"	"mejillas"	7
"2494"	"mejor"	2
"2495"	"mejorado"	1
"2496"	"mejoraría"	1
"2497"	"mejoras"	1
"2498"	"melancolía"	1
"2499"	"melancólica"	1
"2500"	"melancólico"	1
"2501"	"melancólicos"	1
"2502"	"melodías"	1
"2503"	"memoria"	8
"2504"	"menaje"	1
"2505"	"meneando"	1
"2506"	"menor"	1
"2507"	"menos"	12
"2508"	"mente"	1
"2509"	"menuda"	1
"2510"	"merced"	2
"2511"	"mercedes"	1
"2512"	"merece"	1
"2513"	"merecedor"	1
"2514"	"merecerían"	1
"2515"	"merezco"	1
"2516"	"mes"	1
"2517"	"mesa"	21
"2518"	"mesas"	3
"2519"	"meses"	5
"2520"	"mezcla"	1
"2521"	"mezclaban"	1
"2522"	"mezclados"	1
"2523"	"mezclando"	1
"2524"	"mi"	314
"2525"	"mí"	41
"2526"	"mía"	6
"2527"	"mías"	7
"2528"	"mientras"	10
"2529"	"mil"	3
"2530"	"mimaba"	1
"2531"	"ministro"	1
"2532"	"minutos"	1
"2533"	"mío"	10
"2534"	"míos"	3
"2535"	"mira"	3
"2536"	"miraba"	6
"2537"	"mirada"	13
"2538"	"miradas"	9
"2539"	"mirado"	1
"2540"	"mirando"	2
"2541"	"mirándome"	1
"2542"	"mirar"	3
"2543"	"mirarían"	1
"2544"	"mirarla"	3
"2545"	"mirarme"	2
"2546"	"miraron"	1
"2547"	"miré"	1
"2548"	"miró"	1
"2549"	"miróme"	2
"2550"	"mis"	115
"2551"	"misión"	1
"2552"	"misma"	5
"2553"	"mismas"	1
"2554"	"mismo"	21
"2555"	"misteriosos"	1
"2556"	"mitad"	1
"2557"	"moderar"	3
"2558"	"modo"	2
"2559"	"modulaciones"	1
"2560"	"modular"	1
"2561"	"mohíno"	1
"2562"	"mole"	1
"2563"	"momento"	15
"2564"	"momentos"	13
"2565"	"monólogo"	1
"2566"	"monótono"	1
"2567"	"montado"	1
"2568"	"montamos"	1
"2569"	"montaña"	11
"2570"	"montañas"	3
"2571"	"montañés"	2
"2572"	"montañuelas"	1
"2573"	"monte"	1
"2574"	"monté"	2
"2575"	"montego"	1
"2576"	"montes"	4
"2577"	"montuosa"	1
"2578"	"morada"	2
"2579"	"moradas"	1
"2580"	"moral"	2
"2581"	"moribunda"	1
"2582"	"morir"	2
"2583"	"morirá"	1
"2584"	"moriré"	1
"2585"	"moriría"	1
"2586"	"morirme"	3
"2587"	"morirte"	2
"2588"	"mortal"	1
"2589"	"mostraba"	4
"2590"	"mostraban"	1
"2591"	"mostrando"	1
"2592"	"mostrarme"	2
"2593"	"mostrármela"	1
"2594"	"mostraron"	1
"2595"	"mostrarse"	1
"2596"	"mostrase"	1
"2597"	"mote"	1
"2598"	"motivo"	1
"2599"	"movedizos"	1
"2600"	"movía"	1
"2601"	"movible"	1
"2602"	"movimiento"	3
"2603"	"movimientos"	2
"2604"	"movió"	1
"2605"	"mozo"	1
"2606"	"muchacha"	1
"2607"	"muchachas"	4
"2608"	"muchas"	7
"2609"	"muchísimas"	2
"2610"	"mucho"	9
"2611"	"muchos"	3
"2612"	"muda"	3
"2613"	"mudé"	1
"2614"	"mudo"	1
"2615"	"mueble"	1
"2616"	"muere"	1
"2617"	"muerta"	3
"2618"	"muerte"	15
"2619"	"muerto"	5
"2620"	"mujer"	11
"2621"	"mujeres"	11
"2622"	"mula"	1
"2623"	"mundano"	1
"2624"	"mundo"	1
"2625"	"murió"	1
"2626"	"murmurado"	1
"2627"	"murmuran"	1
"2628"	"murmurando"	1
"2629"	"muselina"	2
"2630"	"musgos"	1
"2631"	"música"	3
"2632"	"músicos"	2
"2633"	"muy"	13
"2634"	"ña"	1
"2635"	"nacía"	1
"2636"	"naciente"	2
"2637"	"nacimiento"	2
"2638"	"nació"	1
"2639"	"nada"	7
"2640"	"naipes"	1
"2641"	"naranjo"	2
"2642"	"naranjos"	5
"2643"	"nariz"	1
"2644"	"nativa"	1
"2645"	"nativo"	2
"2646"	"natural"	2
"2647"	"naturaleza"	3
"2648"	"nave"	1
"2649"	"navegantes"	1
"2650"	"navío"	1
"2651"	"nay"	1
"2652"	"necesaria"	1
"2653"	"necesario"	4
"2654"	"necesidad"	2
"2655"	"necesita"	1
"2656"	"necesitabas"	1
"2657"	"necesitan"	1
"2658"	"necesitará"	1
"2659"	"necesito"	2
"2660"	"negaba"	1
"2661"	"negativa"	1
"2662"	"negra"	3
"2663"	"negrito"	2
"2664"	"negritos"	1
"2665"	"negro"	5
"2666"	"nervioso"	1
"2667"	"ni"	8
"2668"	"nido"	1
"2669"	"nidos"	3
"2670"	"nieblas"	3
"2671"	"nima"	1
"2672"	"niña"	9
"2673"	"niñas"	2
"2674"	"niñez"	4
"2675"	"ninguno"	1
"2676"	"niño"	9
"2677"	"niños"	5
"2678"	"no"	147
"2679"	"noble"	5
"2680"	"noche"	33
"2681"	"noches"	5
"2682"	"nociones"	1
"2683"	"nocivas"	1
"2684"	"nombre"	7
"2685"	"ñor"	1
"2686"	"nos"	20
"2687"	"nosotros"	7
"2688"	"notaba"	1
"2689"	"notable"	4
"2690"	"notablemente"	1
"2691"	"notado"	1
"2692"	"notando"	3
"2693"	"notar"	2
"2694"	"noté"	2
"2695"	"noticia"	1
"2696"	"notó"	1
"2697"	"novedad"	2
"2698"	"nubecillas"	1
"2699"	"nubes"	2
"2700"	"núbiles"	1
"2701"	"nublados"	1
"2702"	"nuestra"	11
"2703"	"nuestras"	4
"2704"	"nuestro"	9
"2705"	"nuestros"	11
"2706"	"nueva"	6
"2707"	"nuevamente"	1
"2708"	"nuevas"	1
"2709"	"nueve"	1
"2710"	"nuevo"	5
"2711"	"numerosas"	1
"2712"	"nunca"	7
"2713"	"nutrida"	1
"2714"	"o"	10
"2715"	"oasis"	1
"2716"	"obediente"	1
"2717"	"objeto"	2
"2718"	"objetos"	2
"2719"	"obligaban"	1
"2720"	"obligado"	1
"2721"	"obsequio"	1
"2722"	"observaciones"	1
"2723"	"observar"	3
"2724"	"observo"	1
"2725"	"observó"	2
"2726"	"obstáculos"	1
"2727"	"obstruían"	1
"2728"	"obtener"	1
"2729"	"obtenida"	1
"2730"	"ocasionarte"	1
"2731"	"ocasiones"	1
"2732"	"ocasionó"	1
"2733"	"occidente"	2
"2734"	"océano"	1
"2735"	"ocho"	3
"2736"	"ocultaba"	4
"2737"	"ocultábale"	1
"2738"	"ocultaban"	3
"2739"	"ocultado"	1
"2740"	"ocultar"	4
"2741"	"ocultarle"	1
"2742"	"ocultarme"	3
"2743"	"ocultarte"	1
"2744"	"oculto"	1
"2745"	"ocultó"	1
"2746"	"ocultos"	1
"2747"	"ocupaba"	2
"2748"	"ocupábamos"	1
"2749"	"ocupaban"	2
"2750"	"ocupaciones"	2
"2751"	"ocupar"	1
"2752"	"ocupó"	1
"2753"	"ocurrida"	1
"2754"	"ocurrieron"	1
"2755"	"ocurrió"	1
"2756"	"oficiosas"	1
"2757"	"ofrecérselas"	1
"2758"	"ofrecía"	1
"2759"	"ofrecidas"	1
"2760"	"ofuscado"	1
"2761"	"oí"	7
"2762"	"oía"	1
"2763"	"oían"	2
"2764"	"oíase"	1
"2765"	"oído"	6
"2766"	"oídos"	4
"2767"	"oír"	9
"2768"	"oiría"	1
"2769"	"oírla"	1
"2770"	"oírlas"	1
"2771"	"oírle"	2
"2772"	"oírlos"	1
"2773"	"oírme"	2
"2774"	"ojos"	37
"2775"	"olas"	1
"2776"	"olor"	2
"2777"	"oloroso"	1
"2778"	"olvidada"	1
"2779"	"olvidado"	2
"2780"	"olvidándome"	1
"2781"	"olvidó"	1
"2782"	"ondas"	3
"2783"	"ondulantes"	1
"2784"	"opacas"	1
"2785"	"ópalo"	1
"2786"	"opinión"	4
"2787"	"oprimí"	1
"2788"	"oprimían"	2
"2789"	"oprimiera"	1
"2790"	"oprimir"	1
"2791"	"oración"	4
"2792"	"oraciones"	2
"2793"	"oramos"	1
"2794"	"orando"	1
"2795"	"oratorio"	5
"2796"	"orden"	2
"2797"	"órdenes"	1
"2798"	"ordinario"	1
"2799"	"orejas"	1
"2800"	"orgullo"	6
"2801"	"oriental"	3
"2802"	"oriente"	2
"2803"	"origen"	1
"2804"	"orilla"	4
"2805"	"orillado"	1
"2806"	"orlaba"	1
"2807"	"orlados"	2
"2808"	"oro"	3
"2809"	"oró"	1
"2810"	"oropéndolas"	1
"2811"	"os"	2
"2812"	"oscura"	2
"2813"	"oscurecido"	1
"2814"	"oscuridad"	1
"2815"	"oscuro"	4
"2816"	"oso"	2
"2817"	"osos"	3
"2818"	"ostentar"	1
"2819"	"otra"	10
"2820"	"otras"	1
"2821"	"otro"	9
"2822"	"otros"	4
"2823"	"oye"	1
"2824"	"oyéndome"	1
"2825"	"oyeran"	1
"2826"	"oyó"	1
"2827"	"p"	2
"2828"	"pabellón"	1
"2829"	"pacienzuda"	1
"2830"	"pactado"	1
"2831"	"padecimiento"	1
"2832"	"padeció"	1
"2833"	"padre"	63
"2834"	"padres"	8
"2835"	"padrinos"	1
"2836"	"páez"	1
"2837"	"páginas"	6
"2838"	"pago"	1
"2839"	"país"	6
"2840"	"pajarero"	1
"2841"	"paje"	1
"2842"	"pajonales"	1
"2843"	"pala"	1
"2844"	"palabra"	6
"2845"	"palabras"	9
"2846"	"palenque"	1
"2847"	"paleta"	1
"2848"	"pálida"	3
"2849"	"pálidas"	4
"2850"	"palidecían"	1
"2851"	"palidez"	1
"2852"	"pálido"	2
"2853"	"pálidos"	1
"2854"	"palmeaba"	1
"2855"	"palmeras"	3
"2856"	"palomas"	1
"2857"	"palpándome"	1
"2858"	"palparon"	1
"2859"	"palpitaba"	2
"2860"	"palpitaciones"	1
"2861"	"palpitas"	1
"2862"	"pampa"	2
"2863"	"pampas"	3
"2864"	"pandereta"	1
"2865"	"paño"	1
"2866"	"pañolón"	3
"2867"	"paños"	1
"2868"	"pañuelo"	1
"2869"	"papá"	2
"2870"	"papel"	1
"2871"	"paquete"	2
"2872"	"para"	139
"2873"	"paraíso"	1
"2874"	"parásitas"	1
"2875"	"parecer"	1
"2876"	"parecerle"	1
"2877"	"parecía"	3
"2878"	"pareciáme"	1
"2879"	"parecían"	7
"2880"	"parecido"	2
"2881"	"pareció"	5
"2882"	"paredes"	1
"2883"	"pareja"	1
"2884"	"parientes"	3
"2885"	"parleros"	1
"2886"	"párpados"	2
"2887"	"parroquia"	2
"2888"	"parte"	14
"2889"	"partes"	2
"2890"	"partí"	2
"2891"	"participando"	1
"2892"	"participar"	1
"2893"	"partida"	1
"2894"	"partidas"	1
"2895"	"partir"	1
"2896"	"pasaba"	3
"2897"	"pasaban"	1
"2898"	"pasada"	2
"2899"	"pasado"	16
"2900"	"pasados"	5
"2901"	"pasajera"	1
"2902"	"pasan"	1
"2903"	"pasando"	1
"2904"	"pasar"	5
"2905"	"pasaron"	1
"2906"	"pasatiempo"	1
"2907"	"pasé"	1
"2908"	"paseó"	1
"2909"	"paseos"	1
"2910"	"pasión"	1
"2911"	"paso"	10
"2912"	"pasó"	1
"2913"	"pasos"	6
"2914"	"pasóse"	1
"2915"	"pastor"	1
"2916"	"patas"	1
"2917"	"paterna"	3
"2918"	"paternal"	1
"2919"	"patio"	2
"2920"	"patriarcal"	1
"2921"	"patriarcas"	1
"2922"	"patrio"	1
"2923"	"pausa"	2
"2924"	"pavimento"	1
"2925"	"paz"	1
"2926"	"peaña"	1
"2927"	"pecho"	11
"2928"	"peculiar"	2
"2929"	"pedernales"	1
"2930"	"pedestal"	2
"2931"	"pedida"	1
"2932"	"pedirme"	1
"2933"	"pedírsela"	1
"2934"	"pedregoso"	1
"2935"	"pedro"	2
"2936"	"peinaba"	1
"2937"	"peinando"	1
"2938"	"peligro"	3
"2939"	"peligros"	1
"2940"	"peligrosa"	1
"2941"	"peligroso"	1
"2942"	"pellares"	1
"2943"	"pelo"	1
"2944"	"pena"	2
"2945"	"peñasco"	1
"2946"	"peñascos"	2
"2947"	"pendía"	2
"2948"	"pendiente"	4
"2949"	"penetraba"	2
"2950"	"penetraban"	1
"2951"	"penetramos"	1
"2952"	"penetrando"	1
"2953"	"penetró"	1
"2954"	"peñón"	1
"2955"	"pensaba"	3
"2956"	"pensamiento"	1
"2957"	"pensamientos"	1
"2958"	"pensando"	1
"2959"	"pensar"	1
"2960"	"pensé"	2
"2961"	"peones"	1
"2962"	"peor"	1
"2963"	"pequeña"	5
"2964"	"pequeñas"	1
"2965"	"pequeño"	1
"2966"	"perceptible"	1
"2967"	"percibió"	1
"2968"	"perder"	2
"2969"	"perderla"	2
"2970"	"perderse"	1
"2971"	"perdí"	1
"2972"	"perdices"	1
"2973"	"perdida"	2
"2974"	"perdiesen"	1
"2975"	"perdón"	1
"2976"	"perdóname"	1
"2977"	"peregrinos"	1
"2978"	"perejil"	1
"2979"	"perfectamente"	1
"2980"	"perfumada"	2
"2981"	"perfumado"	2
"2982"	"perfume"	3
"2983"	"perfumes"	2
"2984"	"pericos"	1
"2985"	"permanecí"	1
"2986"	"permanecía"	2
"2987"	"permanecían"	2
"2988"	"permanecido"	1
"2989"	"permaneció"	2
"2990"	"permiso"	1
"2991"	"permiten"	1
"2992"	"permitieran"	1
"2993"	"permitió"	1
"2994"	"permitirme"	1
"2995"	"pernoctar"	1
"2996"	"pero"	42
"2997"	"perros"	2
"2998"	"persiste"	1
"2999"	"persistiere"	1
"3000"	"persona"	1
"3001"	"personas"	1
"3002"	"pertenecen"	1
"3003"	"pesar"	3
"3004"	"pesares"	1
"3005"	"pesebre"	1
"3006"	"peso"	1
"3007"	"pestañas"	3
"3008"	"piando"	1
"3009"	"piano"	1
"3010"	"pidiendo"	1
"3011"	"pidiéndome"	1
"3012"	"pidiéndosela"	1
"3013"	"pie"	16
"3014"	"piedra"	4
"3015"	"piel"	1
"3016"	"pieles"	1
"3017"	"pienses"	1
"3018"	"piernas"	1
"3019"	"pies"	14
"3020"	"pieza"	3
"3021"	"pintorescamente"	1
"3022"	"piñuelas"	2
"3023"	"pisadas"	1
"3024"	"písamos"	1
"3025"	"pisar"	1
"3026"	"placer"	4
"3027"	"placeta"	1
"3028"	"plancha"	1
"3029"	"planicies"	1
"3030"	"planta"	1
"3031"	"plantas"	1
"3032"	"plateaba"	1
"3033"	"plateada"	1
"3034"	"platear"	1
"3035"	"plato"	1
"3036"	"platos"	1
"3037"	"playas"	1
"3038"	"plazo"	1
"3039"	"pliegues"	2
"3040"	"plumajes"	2
"3041"	"pobre"	2
"3042"	"pobreza"	1
"3043"	"pocas"	2
"3044"	"pociones"	1
"3045"	"poco"	11
"3046"	"pocos"	6
"3047"	"poder"	1
"3048"	"poderlo"	1
"3049"	"poderoso"	1
"3050"	"poderosos"	1
"3051"	"podía"	13
"3052"	"podían"	1
"3053"	"podido"	3
"3054"	"podrá"	1
"3055"	"podrás"	3
"3056"	"podría"	6
"3057"	"podrían"	1
"3058"	"poema"	1
"3059"	"poeta"	3
"3060"	"poetas"	1
"3061"	"poético"	1
"3062"	"poleo"	1
"3063"	"polluelos"	1
"3064"	"polvo"	2
"3065"	"pomarrosos"	1
"3066"	"ponderando"	1
"3067"	"ponderé"	1
"3068"	"pondrás"	2
"3069"	"ponen"	1
"3070"	"poner"	3
"3071"	"ponerla"	1
"3072"	"ponerse"	3
"3073"	"poniéndola"	2
"3074"	"poniéndome"	2
"3075"	"por"	166
"3076"	"porcelana"	2
"3077"	"pormenores"	1
"3078"	"porque"	20
"3079"	"portada"	1
"3080"	"portas"	1
"3081"	"porvenir"	2
"3082"	"posada"	1
"3083"	"poseen"	1
"3084"	"poseer"	1
"3085"	"poseía"	1
"3086"	"poseo"	2
"3087"	"posesión"	1
"3088"	"posible"	7
"3089"	"posición"	1
"3090"	"positiva"	1
"3091"	"postración"	1
"3092"	"postre"	1
"3093"	"postrer"	1
"3094"	"postrera"	1
"3095"	"postreras"	2
"3096"	"poyos"	1
"3097"	"prados"	1
"3098"	"precaución"	2
"3099"	"precauciones"	1
"3100"	"preciosa"	1
"3101"	"precioso"	2
"3102"	"preciosos"	3
"3103"	"precipitadamente"	1
"3104"	"precipitar"	2
"3105"	"precipitarse"	1
"3106"	"precipitasen"	1
"3107"	"precipitó"	1
"3108"	"precisamente"	1
"3109"	"preciso"	2
"3110"	"predilecta"	1
"3111"	"predilectas"	1
"3112"	"predilectos"	2
"3113"	"pregunta"	1
"3114"	"preguntaba"	1
"3115"	"preguntas"	3
"3116"	"pregunte"	1
"3117"	"pregunté"	1
"3118"	"preguntó"	5
"3119"	"prendas"	1
"3120"	"prendidas"	1
"3121"	"prendido"	1
"3122"	"preparaba"	1
"3123"	"preparado"	1
"3124"	"preparativos"	1
"3125"	"prescripciones"	1
"3126"	"prescrito"	1
"3127"	"presenciaban"	1
"3128"	"presenciar"	2
"3129"	"presencie"	1
"3130"	"presentaba"	1
"3131"	"presentan"	1
"3132"	"presentándome"	1
"3133"	"presenté"	1
"3134"	"presentes"	1
"3135"	"presentidas"	1
"3136"	"presentimiento"	2
"3137"	"presentó"	1
"3138"	"presintiese"	1
"3139"	"prestarse"	1
"3140"	"presté"	1
"3141"	"prevenido"	1
"3142"	"prima"	2
"3143"	"primer"	2
"3144"	"primera"	10
"3145"	"primeras"	1
"3146"	"primeros"	1
"3147"	"primitivo"	1
"3148"	"primo"	3
"3149"	"primor"	1
"3150"	"primorosamente"	1
"3151"	"principio"	4
"3152"	"probablemente"	1
"3153"	"probar"	1
"3154"	"probará"	1
"3155"	"probaría"	1
"3156"	"procuraba"	1
"3157"	"procurando"	1
"3158"	"procurase"	1
"3159"	"procuré"	1
"3160"	"procuró"	1
"3161"	"producirle"	1
"3162"	"profesado"	1
"3163"	"profundamente"	3
"3164"	"profundo"	2
"3165"	"progresos"	1
"3166"	"promesa"	3
"3167"	"promesas"	1
"3168"	"prometas"	1
"3169"	"prometer"	1
"3170"	"prometerme"	1
"3171"	"prometida"	3
"3172"	"prometido"	1
"3173"	"prometiendo"	1
"3174"	"prometió"	2
"3175"	"pronosticaba"	1
"3176"	"pronta"	1
"3177"	"pronto"	5
"3178"	"pronunciaba"	1
"3179"	"pronunciadas"	1
"3180"	"pronunciado"	1
"3181"	"pronunciar"	3
"3182"	"pronunció"	3
"3183"	"propia"	1
"3184"	"propiedades"	1
"3185"	"proponerle"	1
"3186"	"propósitos"	2
"3187"	"propuesta"	1
"3188"	"prosiguió"	1
"3189"	"protectora"	1
"3190"	"provocativo"	1
"3191"	"próximo"	2
"3192"	"próximos"	1
"3193"	"proyectaba"	1
"3194"	"proyecto"	3
"3195"	"pude"	10
"3196"	"pudiera"	2
"3197"	"pudiesen"	2
"3198"	"pudo"	1
"3199"	"pudorosa"	1
"3200"	"pueblo"	1
"3201"	"pueda"	1
"3202"	"puede"	4
"3203"	"pueden"	2
"3204"	"puedes"	2
"3205"	"puedo"	2
"3206"	"puente"	2
"3207"	"puerta"	12
"3208"	"puertas"	2
"3209"	"pues"	16
"3210"	"puestas"	1
"3211"	"puesto"	2
"3212"	"pulcra"	1
"3213"	"pulsado"	1
"3214"	"pulsando"	1
"3215"	"pulso"	2
"3216"	"puñal"	1
"3217"	"puntería"	1
"3218"	"punto"	4
"3219"	"pura"	2
"3220"	"púrpura"	3
"3221"	"puse"	4
"3222"	"púselas"	1
"3223"	"púsele"	1
"3224"	"púseme"	1
"3225"	"pusieron"	1
"3226"	"puso"	6
"3227"	"púsose"	1
"3228"	"que"	527
"3229"	"qué"	26
"3230"	"quebrantarlo"	1
"3231"	"quedaba"	2
"3232"	"quedaban"	2
"3233"	"quedándome"	1
"3234"	"quedaría"	1
"3235"	"quedaron"	1
"3236"	"quedas"	1
"3237"	"quedé"	2
"3238"	"queden"	1
"3239"	"quedo"	1
"3240"	"quedó"	4
"3241"	"quehaceres"	1
"3242"	"queja"	1
"3243"	"quejosa"	1
"3244"	"quema"	1
"3245"	"quemados"	1
"3246"	"querer"	2
"3247"	"quererme"	1
"3248"	"quería"	2
"3249"	"querían"	2
"3250"	"querida"	3
"3251"	"querido"	4
"3252"	"queridos"	2
"3253"	"quien"	23
"3254"	"quién"	4
"3255"	"quienes"	2
"3256"	"quiénes"	1
"3257"	"quiere"	4
"3258"	"quieres"	5
"3259"	"quiero"	3
"3260"	"quince"	2
"3261"	"quise"	1
"3262"	"quisiera"	1
"3263"	"quiso"	2
"3264"	"quitaba"	1
"3265"	"quitados"	1
"3266"	"quitándole"	1
"3267"	"quitándose"	1
"3268"	"quizá"	3
"3269"	"r"	2
"3270"	"ración"	1
"3271"	"racional"	1
"3272"	"rafael"	1
"3273"	"ráfaga"	1
"3274"	"rama"	1
"3275"	"ramaje"	1
"3276"	"ramas"	1
"3277"	"ramo"	4
"3278"	"raras"	1
"3279"	"rasgarse"	1
"3280"	"rato"	4
"3281"	"raudal"	2
"3282"	"rayos"	3
"3283"	"raza"	2
"3284"	"razón"	2
"3285"	"real"	1
"3286"	"realidad"	1
"3287"	"reanimada"	1
"3288"	"reanudó"	1
"3289"	"rebosaba"	1
"3290"	"rebosante"	1
"3291"	"recato"	1
"3292"	"recibí"	1
"3293"	"recibía"	1
"3294"	"recibida"	1
"3295"	"recibido"	1
"3296"	"recibiendo"	2
"3297"	"recibieron"	1
"3298"	"recibió"	1
"3299"	"recibir"	7
"3300"	"recibiríamos"	1
"3301"	"recibirlo"	1
"3302"	"recibirme"	1
"3303"	"recién"	2
"3304"	"recinto"	1
"3305"	"recitar"	1
"3306"	"reclinaba"	1
"3307"	"reclinada"	2
"3308"	"reclinando"	1
"3309"	"reclinarse"	1
"3310"	"reclinó"	1
"3311"	"recoger"	2
"3312"	"recogeré"	2
"3313"	"recogían"	1
"3314"	"recogidas"	1
"3315"	"recogido"	2
"3316"	"recogiendo"	3
"3317"	"recomendada"	1
"3318"	"recomendado"	1
"3319"	"recompensa"	3
"3320"	"reconocer"	2
"3321"	"reconocerme"	1
"3322"	"reconocí"	1
"3323"	"reconvención"	2
"3324"	"reconvenirme"	1
"3325"	"recordaba"	3
"3326"	"recordada"	1
"3327"	"recordar"	1
"3328"	"recordarme"	1
"3329"	"recordé"	1
"3330"	"recorrer"	1
"3331"	"recorrí"	1
"3332"	"recorrido"	1
"3333"	"recostada"	1
"3334"	"recostado"	2
"3335"	"recuerdo"	4
"3336"	"recuerdos"	3
"3337"	"reemplazarle"	1
"3338"	"refirió"	3
"3339"	"reflejo"	1
"3340"	"reflexión"	1
"3341"	"refrescada"	1
"3342"	"regadas"	1
"3343"	"regado"	1
"3344"	"regazo"	2
"3345"	"régimen"	1
"3346"	"regocijaba"	1
"3347"	"regocijada"	1
"3348"	"regresa"	1
"3349"	"regresábamos"	2
"3350"	"regresar"	1
"3351"	"regresase"	1
"3352"	"regreso"	10
"3353"	"regresó"	2
"3354"	"reina"	1
"3355"	"reino"	1
"3356"	"rejas"	1
"3357"	"relación"	1
"3358"	"relámpagos"	2
"3359"	"relicario"	1
"3360"	"religión"	4
"3361"	"reloj"	2
"3362"	"remanso"	1
"3363"	"remansos"	1
"3364"	"remeda"	1
"3365"	"remediaría"	1
"3366"	"remendaba"	1
"3367"	"remigia"	4
"3368"	"removido"	1
"3369"	"rendida"	1
"3370"	"renovar"	1
"3371"	"renunciase"	1
"3372"	"repartían"	1
"3373"	"repetí"	1
"3374"	"repetición"	1
"3375"	"repetido"	2
"3376"	"repetir"	1
"3377"	"repitiendo"	1
"3378"	"repliqué"	1
"3379"	"repondrán"	1
"3380"	"repondré"	1
"3381"	"reposición"	2
"3382"	"reposo"	1
"3383"	"representando"	1
"3384"	"reprimiendo"	1
"3385"	"república"	1
"3386"	"repuso"	1
"3387"	"resentimiento"	3
"3388"	"resignación"	3
"3389"	"resignada"	1
"3390"	"resolución"	4
"3391"	"resoluciones"	1
"3392"	"resolvió"	2
"3393"	"resonaron"	1
"3394"	"resoplando"	1
"3395"	"respetado"	1
"3396"	"respeto"	2
"3397"	"respiraba"	1
"3398"	"respirar"	1
"3399"	"resplandor"	1
"3400"	"resplandores"	1
"3401"	"responde"	2
"3402"	"responderé"	1
"3403"	"responderme"	2
"3404"	"respondí"	8
"3405"	"respondía"	1
"3406"	"respondió"	11
"3407"	"respuesta"	4
"3408"	"restablecida"	1
"3409"	"resto"	4
"3410"	"restos"	1
"3411"	"resuello"	1
"3412"	"retardó"	1
"3413"	"reteniendo"	1
"3414"	"reteniéndome"	1
"3415"	"retinto"	1
"3416"	"retiramos"	1
"3417"	"retirarme"	1
"3418"	"retirarse"	3
"3419"	"retiró"	3
"3420"	"retozó"	1
"3421"	"retroceder"	1
"3422"	"retrocedió"	1
"3423"	"retumbo"	1
"3424"	"retuve"	1
"3425"	"reuníamos"	1
"3426"	"reunir"	1
"3427"	"reunírsenos"	1
"3428"	"revela"	1
"3429"	"revelaba"	2
"3430"	"revelaban"	1
"3431"	"revelan"	1
"3432"	"revelarle"	1
"3433"	"reveló"	1
"3434"	"reventado"	1
"3435"	"revistió"	1
"3436"	"revoloteaban"	2
"3437"	"revoloteando"	2
"3438"	"revuelo"	1
"3439"	"revueltas"	2
"3440"	"rey"	1
"3441"	"reyes"	1
"3442"	"rezado"	1
"3443"	"rezó"	1
"3444"	"riachuelos"	1
"3445"	"ribera"	3
"3446"	"riberas"	1
"3447"	"ribeteadas"	1
"3448"	"rienda"	2
"3449"	"riendo"	2
"3450"	"rigores"	1
"3451"	"río"	19
"3452"	"rióse"	1
"3453"	"risueña"	2
"3454"	"risueñas"	1
"3455"	"risueños"	1
"3456"	"rizar"	1
"3457"	"rocallosas"	1
"3458"	"rocío"	1
"3459"	"rodaban"	3
"3460"	"rodado"	2
"3461"	"rodando"	1
"3462"	"rodar"	3
"3463"	"rodaron"	1
"3464"	"rodeaba"	1
"3465"	"rodeaban"	3
"3466"	"rodeado"	3
"3467"	"rodillas"	8
"3468"	"rojas"	1
"3469"	"rojos"	1
"3470"	"romper"	1
"3471"	"ropajes"	3
"3472"	"rosa"	2
"3473"	"rosal"	2
"3474"	"rosales"	7
"3475"	"rosarios"	2
"3476"	"rosas"	9
"3477"	"rostro"	20
"3478"	"rota"	1
"3479"	"roza"	1
"3480"	"rozado"	1
"3481"	"rozando"	1
"3482"	"rozar"	1
"3483"	"rozó"	1
"3484"	"ruana"	1
"3485"	"rubí"	1
"3486"	"rubor"	2
"3487"	"ruborizada"	1
"3488"	"ruega"	1
"3489"	"ruego"	1
"3490"	"ruido"	4
"3491"	"rumor"	5
"3492"	"rumoroso"	1
"3493"	"rústico"	1
"3494"	"sábado"	1
"3495"	"sabaletas"	2
"3496"	"sabe"	2
"3497"	"sabedora"	1
"3498"	"saben"	1
"3499"	"saber"	4
"3500"	"sabes"	5
"3501"	"sabía"	6
"3502"	"sabido"	1
"3503"	"sabio"	1
"3504"	"sabrás"	1
"3505"	"sacando"	1
"3506"	"sacarla"	1
"3507"	"sacerdote"	5
"3508"	"sacrificando"	1
"3509"	"sacrificar"	1
"3510"	"sacrificio"	1
"3511"	"sacudía"	1
"3512"	"sacudió"	1
"3513"	"sagrado"	1
"3514"	"sala"	3
"3515"	"salí"	2
"3516"	"salía"	1
"3517"	"salíamos"	1
"3518"	"salido"	3
"3519"	"saliendo"	1
"3520"	"salimos"	1
"3521"	"salió"	3
"3522"	"salir"	3
"3523"	"salomón"	14
"3524"	"salón"	12
"3525"	"salpicada"	1
"3526"	"saltando"	1
"3527"	"saltar"	1
"3528"	"salté"	1
"3529"	"saltos"	2
"3530"	"salud"	1
"3531"	"saludaba"	1
"3532"	"saludando"	1
"3533"	"saludarla"	1
"3534"	"saludo"	1
"3535"	"salvar"	1
"3536"	"salvarla"	1
"3537"	"salvarlo"	1
"3538"	"santa"	4
"3539"	"santos"	1
"3540"	"sara"	2
"3541"	"satisfacción"	1
"3542"	"satisfecho"	1
"3543"	"sauces"	5
"3544"	"sazón"	3
"3545"	"se"	168
"3546"	"sé"	4
"3547"	"sea"	3
"3548"	"seas"	2
"3549"	"secas"	3
"3550"	"seco"	1
"3551"	"secreto"	3
"3552"	"sed"	1
"3553"	"sedosas"	1
"3554"	"sedosos"	1
"3555"	"seductivo"	1
"3556"	"seductora"	3
"3557"	"seductoras"	1
"3558"	"seductores"	1
"3559"	"seguí"	1
"3560"	"seguía"	3
"3561"	"seguíale"	1
"3562"	"seguían"	1
"3563"	"seguida"	3
"3564"	"seguidos"	1
"3565"	"seguir"	2
"3566"	"seguirás"	1
"3567"	"seguirla"	2
"3568"	"según"	3
"3569"	"seis"	6
"3570"	"sellado"	1
"3571"	"selva"	1
"3572"	"selvas"	1
"3573"	"selvosas"	1
"3574"	"semana"	1
"3575"	"semanas"	2
"3576"	"semblante"	2
"3577"	"semblantes"	1
"3578"	"sembrada"	1
"3579"	"sembradas"	1
"3580"	"semeja"	1
"3581"	"semejaba"	1
"3582"	"semejábase"	1
"3583"	"semejantes"	2
"3584"	"semicírculo"	1
"3585"	"semilleros"	1
"3586"	"semisalvaje"	1
"3587"	"señal"	1
"3588"	"señalado"	2
"3589"	"señales"	1
"3590"	"sencillos"	1
"3591"	"sendas"	1
"3592"	"sendero"	6
"3593"	"seno"	4
"3594"	"señor"	5
"3595"	"señora"	2
"3596"	"señores"	1
"3597"	"señorita"	1
"3598"	"senos"	1
"3599"	"sensación"	1
"3600"	"sensibles"	1
"3601"	"sentada"	5
"3602"	"sentadas"	1
"3603"	"sentado"	5
"3604"	"sentados"	1
"3605"	"sentándose"	1
"3606"	"sentarnos"	1
"3607"	"sentarse"	1
"3608"	"sentase"	1
"3609"	"senté"	1
"3610"	"sentí"	5
"3611"	"sentía"	3
"3612"	"sentíame"	1
"3613"	"sentida"	1
"3614"	"sentido"	4
"3615"	"sentimiento"	1
"3616"	"sentir"	1
"3617"	"sentirnos"	1
"3618"	"sentó"	3
"3619"	"sentóse"	2
"3620"	"sepa"	1
"3621"	"separaba"	4
"3622"	"separación"	1
"3623"	"separada"	1
"3624"	"separaría"	1
"3625"	"separarlos"	1
"3626"	"separarnos"	1
"3627"	"sepas"	1
"3628"	"sepulcro"	5
"3629"	"ser"	14
"3630"	"será"	2
"3631"	"serán"	1
"3632"	"serenas"	1
"3633"	"serenidad"	1
"3634"	"seres"	1
"3635"	"sería"	3
"3636"	"serían"	1
"3637"	"serias"	1
"3638"	"seriedad"	1
"3639"	"servían"	1
"3640"	"servicio"	1
"3641"	"servida"	1
"3642"	"servido"	2
"3643"	"servidumbre"	1
"3644"	"servir"	2
"3645"	"sesgar"	1
"3646"	"sesteaderos"	1
"3647"	"setiembre"	1
"3648"	"severidad"	1
"3649"	"si"	35
"3650"	"sí"	11
"3651"	"sido"	10
"3652"	"siembras"	2
"3653"	"siempre"	11
"3654"	"siendo"	4
"3655"	"sienes"	2
"3656"	"siéntate"	1
"3657"	"sientes"	1
"3658"	"sierra"	9
"3659"	"siete"	2
"3660"	"siglo"	1
"3661"	"significa"	1
"3662"	"sigue"	1
"3663"	"siguiendo"	1
"3664"	"siguiente"	10
"3665"	"siguieron"	2
"3666"	"siguió"	4
"3667"	"silbando"	1
"3668"	"silencio"	9
"3669"	"silenciosa"	3
"3670"	"silenciosas"	2
"3671"	"silencioso"	2
"3672"	"silenciosos"	3
"3673"	"silvestres"	1
"3674"	"sin"	42
"3675"	"síncope"	1
"3676"	"siniestro"	1
"3677"	"sino"	3
"3678"	"sintiendo"	2
"3679"	"síntomas"	3
"3680"	"siquiera"	1
"3681"	"sirvió"	1
"3682"	"sitio"	2
"3683"	"sitios"	4
"3684"	"situación"	1
"3685"	"situada"	1
"3686"	"situado"	1
"3687"	"situaron"	1
"3688"	"so"	1
"3689"	"sobre"	81
"3690"	"sobrecogido"	1
"3691"	"sobremesa"	2
"3692"	"sobrenadaban"	1
"3693"	"sobresaltados"	1
"3694"	"sobresalto"	1
"3695"	"sociedad"	1
"3696"	"sofá"	6
"3697"	"sofocaba"	1
"3698"	"sofocar"	1
"3699"	"sol"	7
"3700"	"sola"	5
"3701"	"solamente"	12
"3702"	"solazábamos"	1
"3703"	"soledad"	1
"3704"	"soledades"	1
"3705"	"solemne"	2
"3706"	"solía"	2
"3707"	"solían"	1
"3708"	"solicitado"	1
"3709"	"solicitud"	1
"3710"	"solido"	1
"3711"	"solitaria"	1
"3712"	"solitarios"	1
"3713"	"sollozaban"	1
"3714"	"sollozando"	3
"3715"	"sollozante"	1
"3716"	"sollozar"	1
"3717"	"sollozo"	3
"3718"	"sollozos"	7
"3719"	"solo"	4
"3720"	"sólo"	10
"3721"	"sombra"	6
"3722"	"sombras"	2
"3723"	"sombreaba"	1
"3724"	"sombreaban"	1
"3725"	"sombreábanle"	1
"3726"	"sombreado"	1
"3727"	"sombreados"	1
"3728"	"sombrero"	2
"3729"	"sombreros"	1
"3730"	"sombrías"	1
"3731"	"sombríos"	1
"3732"	"sometida"	1
"3733"	"somos"	1
"3734"	"son"	9
"3735"	"soñado"	3
"3736"	"soñé"	2
"3737"	"soñolientos"	1
"3738"	"sonreía"	4
"3739"	"sonreída"	1
"3740"	"sonreír"	3
"3741"	"sonriendo"	2
"3742"	"sonriéndome"	1
"3743"	"sonriente"	2
"3744"	"sonrió"	2
"3745"	"sonrisa"	4
"3746"	"sonrisas"	1
"3747"	"sonrojaba"	1
"3748"	"sonrojarse"	1
"3749"	"sonrosada"	1
"3750"	"sopa"	1
"3751"	"soplaba"	1
"3752"	"soportar"	1
"3753"	"soportó"	1
"3754"	"sorda"	1
"3755"	"sordamente"	1
"3756"	"sordo"	1
"3757"	"sorprendí"	2
"3758"	"sorprendida"	2
"3759"	"sorprendido"	4
"3760"	"sorprendiera"	1
"3761"	"sorpresa"	2
"3762"	"sortija"	1
"3763"	"sospechar"	1
"3764"	"sostener"	1
"3765"	"sostenía"	2
"3766"	"sostenían"	1
"3767"	"sotos"	1
"3768"	"soy"	1
"3769"	"su"	204
"3770"	"suave"	1
"3771"	"suavemente"	2
"3772"	"suaves"	2
"3773"	"subían"	1
"3774"	"subió"	1
"3775"	"subirán"	1
"3776"	"súbito"	1
"3777"	"sublime"	1
"3778"	"sucederte"	1
"3779"	"sucedido"	2
"3780"	"sucumbió"	1
"3781"	"sudor"	1
"3782"	"suelo"	1
"3783"	"suelta"	2
"3784"	"suelto"	1
"3785"	"sueño"	9
"3786"	"sueños"	1
"3787"	"suerte"	2
"3788"	"sufrido"	1
"3789"	"sufrimiento"	2
"3790"	"sufrió"	1
"3791"	"sufrir"	1
"3792"	"suma"	1
"3793"	"sumergía"	1
"3794"	"sumergió"	1
"3795"	"sumisos"	1
"3796"	"supe"	2
"3797"	"superior"	1
"3798"	"súplica"	2
"3799"	"suplicio"	1
"3800"	"suplico"	1
"3801"	"suplicó"	1
"3802"	"supo"	2
"3803"	"supremas"	1
"3804"	"supremo"	1
"3805"	"sur"	2
"3806"	"surcaba"	1
"3807"	"sus"	137
"3808"	"suspendéis"	1
"3809"	"suspendida"	1
"3810"	"suspendidos"	1
"3811"	"suspiro"	1
"3812"	"susurraba"	1
"3813"	"susurradores"	1
"3814"	"susurros"	1
"3815"	"suya"	5
"3816"	"suyas"	4
"3817"	"suyo"	4
"3818"	"suyos"	2
"3819"	"tal"	15
"3820"	"tales"	3
"3821"	"talle"	3
"3822"	"tallos"	1
"3823"	"tamaño"	1
"3824"	"tamarindos"	1
"3825"	"también"	5
"3826"	"tambor"	1
"3827"	"tampoco"	3
"3828"	"tan"	40
"3829"	"tañido"	1
"3830"	"tanta"	4
"3831"	"tantas"	12
"3832"	"tanto"	7
"3833"	"tantos"	2
"3834"	"tarareando"	1
"3835"	"tardaban"	1
"3836"	"tardanza"	1
"3837"	"tardar"	1
"3838"	"tarde"	22
"3839"	"tardes"	3
"3840"	"tarimas"	1
"3841"	"tazón"	1
"3842"	"te"	25
"3843"	"techo"	2
"3844"	"techumbre"	1
"3845"	"techumbres"	1
"3846"	"temblaba"	1
"3847"	"temblaban"	1
"3848"	"temblando"	1
"3849"	"temblarle"	1
"3850"	"temblor"	1
"3851"	"temblorosa"	1
"3852"	"temer"	1
"3853"	"temerosa"	1
"3854"	"temeroso"	2
"3855"	"temí"	1
"3856"	"temía"	1
"3857"	"temible"	1
"3858"	"temiera"	1
"3859"	"temiesen"	1
"3860"	"temor"	1
"3861"	"tempestuoso"	1
"3862"	"templo"	1
"3863"	"temporada"	1
"3864"	"temprano"	4
"3865"	"tenacidad"	3
"3866"	"tenazmente"	1
"3867"	"tendidas"	1
"3868"	"tendido"	1
"3869"	"tendió"	3
"3870"	"tendrás"	1
"3871"	"tendré"	1
"3872"	"tendría"	2
"3873"	"tendrían"	2
"3874"	"tenebroso"	1
"3875"	"tenemos"	1
"3876"	"tener"	2
"3877"	"tenerla"	1
"3878"	"tenerlo"	1
"3879"	"tenerte"	1
"3880"	"tengo"	3
"3881"	"tenía"	18
"3882"	"teníamos"	1
"3883"	"tenían"	5
"3884"	"teñidas"	1
"3885"	"tenido"	3
"3886"	"teniendo"	4
"3887"	"teóricos"	1
"3888"	"terciopelo"	2
"3889"	"terminado"	1
"3890"	"terminará"	1
"3891"	"término"	2
"3892"	"ternura"	4
"3893"	"terrible"	4
"3894"	"terribles"	2
"3895"	"terror"	2
"3896"	"tersa"	1
"3897"	"tersas"	2
"3898"	"tesoro"	2
"3899"	"testimonio"	1
"3900"	"ti"	6
"3901"	"tibio"	1
"3902"	"tiempo"	18
"3903"	"tienda"	1
"3904"	"tiene"	2
"3905"	"tienes"	2
"3906"	"tierna"	1
"3907"	"tiernamente"	1
"3908"	"tierra"	6
"3909"	"tímidas"	1
"3910"	"timidez"	1
"3911"	"tino"	1
"3912"	"tintas"	2
"3913"	"tinte"	1
"3914"	"tío"	2
"3915"	"tiren"	1
"3916"	"toca"	1
"3917"	"tocadas"	1
"3918"	"tocar"	1
"3919"	"tocaron"	1
"3920"	"tocó"	1
"3921"	"tocotá"	1
"3922"	"toda"	14
"3923"	"todas"	11
"3924"	"todavía"	5
"3925"	"todo"	30
"3926"	"todos"	18
"3927"	"tomaba"	3
"3928"	"tomando"	4
"3929"	"tomándole"	2
"3930"	"tomar"	1
"3931"	"tomara"	1
"3932"	"tomarnos"	1
"3933"	"tomase"	1
"3934"	"tomé"	4
"3935"	"tomó"	2
"3936"	"tomólo"	1
"3937"	"tordos"	1
"3938"	"tormenta"	1
"3939"	"torna"	1
"3940"	"tornasoladas"	1
"3941"	"torné"	1
"3942"	"torneados"	1
"3943"	"torno"	4
"3944"	"torrente"	2
"3945"	"torrentes"	1
"3946"	"torres"	1
"3947"	"tostada"	1
"3948"	"trabajos"	2
"3949"	"trabajosamente"	2
"3950"	"traído"	3
"3951"	"traje"	4
"3952"	"trajo"	2
"3953"	"trampas"	1
"3954"	"trance"	1
"3955"	"tranquila"	1
"3956"	"tranquilidad"	1
"3957"	"tranquilizarla"	1
"3958"	"tranquilo"	2
"3959"	"tránsito"	9
"3960"	"transitoria"	1
"3961"	"tras"	1
"3962"	"traseras"	1
"3963"	"trata"	3
"3964"	"trataba"	2
"3965"	"tratado"	2
"3966"	"tratamos"	1
"3967"	"tratando"	2
"3968"	"tratándose"	1
"3969"	"tratara"	1
"3970"	"tratará"	1
"3971"	"traté"	2
"3972"	"trato"	2
"3973"	"través"	4
"3974"	"trayendo"	1
"3975"	"trazadas"	1
"3976"	"trechos"	2
"3977"	"trémula"	1
"3978"	"trencilla"	1
"3979"	"trenza"	1
"3980"	"trenzarse"	1
"3981"	"trenzas"	13
"3982"	"tres"	12
"3983"	"triste"	9
"3984"	"tristes"	3
"3985"	"triunfo"	1
"3986"	"tronaba"	2
"3987"	"tropecé"	1
"3988"	"tropezando"	1
"3989"	"trueno"	2
"3990"	"tu"	20
"3991"	"tú"	19
"3992"	"tumba"	5
"3993"	"tumbadillo"	1
"3994"	"tumbas"	1
"3995"	"túmulo"	1
"3996"	"turbaba"	1
"3997"	"turbación"	3
"3998"	"turbante"	1
"3999"	"turbar"	1
"4000"	"turbaron"	1
"4001"	"turbios"	1
"4002"	"turnaron"	1
"4003"	"turno"	1
"4004"	"turquí"	1
"4005"	"tus"	2
"4006"	"tuve"	1
"4007"	"tuviesen"	1
"4008"	"tuvo"	2
"4009"	"tuya"	1
"4010"	"tuyas"	1
"4011"	"tuyo"	1
"4012"	"tuyos"	1
"4013"	"u"	2
"4014"	"última"	11
"4015"	"últimas"	12
"4016"	"último"	6
"4017"	"últimos"	7
"4018"	"umbroso"	1
"4019"	"un"	134
"4020"	"una"	157
"4021"	"unas"	4
"4022"	"undoso"	1
"4023"	"ungió"	1
"4024"	"unía"	1
"4025"	"única"	4
"4026"	"únicamente"	1
"4027"	"único"	7
"4028"	"unida"	1
"4029"	"unidas"	1
"4030"	"uniendo"	1
"4031"	"universal"	1
"4032"	"uno"	15
"4033"	"unos"	9
"4034"	"uso"	1
"4035"	"usó"	1
"4036"	"v"	1
"4037"	"va"	3
"4038"	"vacadas"	2
"4039"	"vacas"	1
"4040"	"vacilado"	1
"4041"	"vacuno"	1
"4042"	"vadeado"	1
"4043"	"vadearlo"	1
"4044"	"vado"	1
"4045"	"vagaba"	2
"4046"	"vagaban"	1
"4047"	"vagar"	1
"4048"	"vagase"	1
"4049"	"vago"	1
"4050"	"vallado"	1
"4051"	"valle"	10
"4052"	"valor"	2
"4053"	"valuar"	1
"4054"	"vámonos"	1
"4055"	"vamos"	1
"4056"	"van"	2
"4057"	"vano"	8
"4058"	"vaporosa"	1
"4059"	"vaporoso"	1
"4060"	"varas"	1
"4061"	"vas"	3
"4062"	"vasija"	1
"4063"	"vaso"	1
"4064"	"vasto"	1
"4065"	"vayamos"	1
"4066"	"vayan"	1
"4067"	"veces"	16
"4068"	"vecina"	1
"4069"	"vecinos"	3
"4070"	"vega"	3
"4071"	"vegas"	1
"4072"	"vegetación"	1
"4073"	"veía"	6
"4074"	"veíamos"	1
"4075"	"veían"	2
"4076"	"veinte"	4
"4077"	"veinticuatro"	1
"4078"	"vejez"	2
"4079"	"vela"	1
"4080"	"velaban"	1
"4081"	"velada"	3
"4082"	"veladas"	1
"4083"	"velado"	1
"4084"	"velados"	2
"4085"	"velando"	2
"4086"	"velar"	1
"4087"	"velo"	1
"4088"	"velocidad"	1
"4089"	"veloz"	1
"4090"	"velozmente"	1
"4091"	"ven"	1
"4092"	"venados"	1
"4093"	"vendrán"	1
"4094"	"vendrían"	1
"4095"	"venga"	1
"4096"	"vengan"	1
"4097"	"venido"	4
"4098"	"venir"	4
"4099"	"ventana"	12
"4100"	"ventanas"	2
"4101"	"ver"	15
"4102"	"verá"	1
"4103"	"verano"	2
"4104"	"verdad"	8
"4105"	"verde"	1
"4106"	"verdes"	4
"4107"	"veré"	1
"4108"	"vereda"	1
"4109"	"vergonzosas"	1
"4110"	"verla"	6
"4111"	"verlo"	2
"4112"	"verme"	3
"4113"	"vernos"	1
"4114"	"verse"	1
"4115"	"versos"	1
"4116"	"verte"	1
"4117"	"vertidas"	1
"4118"	"ves"	1
"4119"	"vestía"	3
"4120"	"vestida"	1
"4121"	"vestidas"	1
"4122"	"vestido"	1
"4123"	"vestidos"	9
"4124"	"vestir"	1
"4125"	"vete"	1
"4126"	"vez"	20
"4127"	"vi"	6
"4128"	"viaje"	24
"4129"	"viajero"	1
"4130"	"viajeros"	2
"4131"	"viajes"	1
"4132"	"víbora"	1
"4133"	"vibrante"	1
"4134"	"vida"	5
"4135"	"vidas"	1
"4136"	"vidriada"	1
"4137"	"vidrio"	2
"4138"	"vidrios"	1
"4139"	"viejo"	2
"4140"	"viéndome"	1
"4141"	"viéndose"	1
"4142"	"viene"	2
"4143"	"viento"	10
"4144"	"vientos"	3
"4145"	"viera"	1
"4146"	"vigas"	1
"4147"	"vigor"	1
"4148"	"vii"	1
"4149"	"viii"	1
"4150"	"villa"	1
"4151"	"vino"	3
"4152"	"vio"	4
"4153"	"violeta"	1
"4154"	"violetas"	1
"4155"	"virgen"	5
"4156"	"virtuosas"	1
"4157"	"visible"	1
"4158"	"visionaria"	1
"4159"	"visita"	3
"4160"	"visitado"	1
"4161"	"visitar"	4
"4162"	"visitarte"	1
"4163"	"víspera"	4
"4164"	"vísperas"	1
"4165"	"vista"	4
"4166"	"vistas"	1
"4167"	"visto"	8
"4168"	"vistos"	1
"4169"	"vistosa"	1
"4170"	"viudo"	1
"4171"	"viva"	1
"4172"	"vivamente"	1
"4173"	"vive"	1
"4174"	"vivía"	1
"4175"	"vivienda"	1
"4176"	"voces"	3
"4177"	"volado"	1
"4178"	"volar"	1
"4179"	"voluble"	1
"4180"	"voluntad"	3
"4181"	"voluptuosas"	1
"4182"	"volver"	11
"4183"	"volveré"	3
"4184"	"volveréis"	1
"4185"	"volveremos"	1
"4186"	"volverían"	1
"4187"	"volverla"	2
"4188"	"volverse"	1
"4189"	"volví"	5
"4190"	"volvían"	2
"4191"	"volviendo"	4
"4192"	"volviéndola"	1
"4193"	"volviéndose"	2
"4194"	"volvieron"	3
"4195"	"volvíme"	1
"4196"	"volvimos"	1
"4197"	"volvió"	6
"4198"	"vosotras"	1
"4199"	"vosotros"	1
"4200"	"voy"	1
"4201"	"voz"	29
"4202"	"vuelo"	4
"4203"	"vuelos"	1
"4204"	"vuelta"	4
"4205"	"vueltas"	1
"4206"	"vuelto"	3
"4207"	"vuelvan"	1
"4208"	"vuelve"	1
"4209"	"vuestra"	1
"4210"	"vuestro"	1
"4211"	"vulgo"	1
"4212"	"x"	1
"4213"	"xi"	1
"4214"	"xii"	1
"4215"	"xiii"	1
"4216"	"xiv"	1
"4217"	"xv"	1
"4218"	"xvi"	1
"4219"	"y"	565
"4220"	"ya"	73
"4221"	"yarumos"	1
"4222"	"yerta"	1
"4223"	"yertas"	1
"4224"	"yo"	107
"4225"	"zaguán"	1
"4226"	"zamarros"	1
"4227"	"zapateaba"	1
"4228"	"zaraza"	1
"4229"	"zarcillos"	1
"4230"	"zarzales"	1
"4231"	"zumbaba"	1
